[{
  "_id": "comment_1",
  "author": "user_750",
  "text": "eiusmod nisi culpa excepteur Lorem ea aute reprehenderit ex fugiat",
  "post": "post_69",
  "replies": [
    {
      "id": "comment_35"
    }
  ],
  "flaggedAsSpam": false
},
{
"_id": "comment_2",
"author": "user_332",
"text": "aute voluptate velit amet minim culpa officia irure nisi ad",
"post": "post_106",
"replies": [],
"flaggedAsSpam": true
},
{
"_id": "comment_3",
"author": "user_561",
"text": "consequat nostrud et sint adipisicing pariatur amet minim et mollit",
"post": "post_163",
"replies": [],
"flaggedAsSpam": true
},
{
"_id": "comment_4",
"author": "user_508",
"text": "non deserunt aliquip est minim do incididunt exercitation cillum in",
"post": "post_107",
"replies": [
{
"id": "comment_45"
},
{
"id": "comment_190"
}
],
"flaggedAsSpam": true
},
{
"_id": "comment_5",
"author": "user_276",
"text": "laboris cupidatat laboris velit aliqua exercitation incididunt nostrud et dolore",
"post": "post_19",
"replies": [
{
"id": "comment_11"
}
],
"flaggedAsSpam": true
},
{
"_id": "comment_6",
"author": "user_759",
"text": "amet tempor incididunt excepteur velit officia commodo irure anim qui",
"post": "post_124",
"replies": [
{
"id": "comment_130"
},
{
"id": "comment_173"
}
],
"flaggedAsSpam": true
},
{
"_id": "comment_7",
"author": "user_450",
"text": "nisi dolore labore amet velit eiusmod eiusmod excepteur reprehenderit occaecat",
"post": "post_53",
"replies": [
{
"id": "comment_62"
},
{
"id": "comment_155"
}
],
"flaggedAsSpam": false
},
{
"_id": "comment_8",
"author": "user_760",
"text": "non commodo pariatur adipisicing laborum est consectetur proident labore voluptate",
"post": "post_30",
"replies": [
{
"id": "comment_155"
},
{
"id": "comment_58"
}
],
"flaggedAsSpam": false
},
{
"_id": "comment_9",
"author": "user_628",
"text": "Lorem aliqua amet duis est ea aliquip eu proident non",
"post": "post_146",
"replies": [
{
"id": "comment_9"
}
],
"flaggedAsSpam": true
},
{
"_id": "comment_10",
"author": "user_286",
"text": "ipsum aliqua adipisicing nisi eiusmod irure et dolor elit fugiat",
"post": "post_26",
"replies": [
{
"id": "comment_134"
},
{
"id": "comment_5"
}
],
"flaggedAsSpam": false
},
{
"_id": "comment_11",
"author": "user_795",
"text": "tempor esse voluptate sit dolore pariatur magna ut sint nisi",
"post": "post_196",
"replies": [
{
"id": "comment_61"
},
{
"id": "comment_122"
}
],
"flaggedAsSpam": false
},
{
"_id": "comment_12",
"author": "user_31",
"text": "esse enim et labore culpa esse pariatur ut irure magna",
"post": "post_40",
"replies": [],
"flaggedAsSpam": false
},
{
"_id": "comment_13",
"author": "user_113",
"text": "dolore amet et voluptate mollit aliqua enim occaecat consequat reprehenderit",
"post": "post_200",
"replies": [
{
"id": "comment_64"
},
{
"id": "comment_121"
}
],
"flaggedAsSpam": true
},
{
"_id": "comment_14",
"author": "user_242",
"text": "ut esse tempor ad magna tempor cillum mollit ullamco ipsum",
"post": "post_183",
"replies": [
{
"id": "comment_123"
}
],
"flaggedAsSpam": false
},
{
"_id": "comment_15",
"author": "user_62",
"text": "Lorem ullamco minim eu sint dolor irure ut incididunt ullamco",
"post": "post_45",
"replies": [
{
"id": "comment_71"
},
{
"id": "comment_10"
}
],
"flaggedAsSpam": true
},
{
"_id": "comment_16",
"author": "user_272",
"text": "id culpa officia esse nisi ad esse nostrud excepteur do",
"post": "post_188",
"replies": [
{
"id": "comment_31"
}
],
"flaggedAsSpam": false
},
{
"_id": "comment_17",
"author": "user_150",
"text": "consequat tempor voluptate est esse magna ea laboris consectetur cupidatat",
"post": "post_68",
"replies": [
{
"id": "comment_24"
},
{
"id": "comment_200"
}
],
"flaggedAsSpam": false
},
{
"_id": "comment_18",
"author": "user_846",
"text": "est do exercitation do sunt deserunt proident non ea proident",
"post": "post_182",
"replies": [
{
"id": "comment_166"
},
{
"id": "comment_151"
}
],
"flaggedAsSpam": false
},
{
"_id": "comment_19",
"author": "user_555",
"text": "id tempor consequat est ad laboris est ex laborum tempor",
"post": "post_182",
"replies": [],
"flaggedAsSpam": false
},
{
"_id": "comment_20",
"author": "user_767",
"text": "pariatur sint fugiat nisi enim pariatur deserunt nostrud excepteur veniam",
"post": "post_43",
"replies": [
{
"id": "comment_73"
}
],
"flaggedAsSpam": true
},
{
"_id": "comment_21",
"author": "user_801",
"text": "ipsum cupidatat minim culpa reprehenderit ipsum labore ad est culpa",
"post": "post_181",
"replies": [
{
"id": "comment_30"
}
],
"flaggedAsSpam": false
},
{
"_id": "comment_22",
"author": "user_814",
"text": "cupidatat sunt deserunt dolore occaecat aliquip cillum occaecat excepteur in",
"post": "post_142",
"replies": [
{
"id": "comment_29"
}
],
"flaggedAsSpam": true
},
{
"_id": "comment_23",
"author": "user_625",
"text": "laborum et eu proident laboris veniam deserunt proident tempor reprehenderit",
"post": "post_35",
"replies": [
{
"id": "comment_107"
}
],
"flaggedAsSpam": false
},
{
"_id": "comment_24",
"author": "user_79",
"text": "adipisicing proident et amet labore aute eu qui dolor ea",
"post": "post_54",
"replies": [
{
"id": "comment_122"
},
{
"id": "comment_4"
}
],
"flaggedAsSpam": true
},
{
"_id": "comment_25",
"author": "user_508",
"text": "sit exercitation officia nulla pariatur duis magna ea aute irure",
"post": "post_7",
"replies": [
{
"id": "comment_155"
}
],
"flaggedAsSpam": true
},
{
"_id": "comment_26",
"author": "user_816",
"text": "dolor cillum incididunt excepteur voluptate elit nisi veniam irure voluptate",
"post": "post_166",
"replies": [],
"flaggedAsSpam": false
},
{
"_id": "comment_27",
"author": "user_636",
"text": "sit eiusmod ad eu anim reprehenderit velit nulla ut laborum",
"post": "post_38",
"replies": [],
"flaggedAsSpam": false
},
{
"_id": "comment_28",
"author": "user_552",
"text": "sint consectetur pariatur qui deserunt fugiat commodo aliquip irure aute",
"post": "post_195",
"replies": [
{
"id": "comment_1"
}
],
"flaggedAsSpam": true
},
{
"_id": "comment_29",
"author": "user_627",
"text": "amet nulla sunt dolore nisi cupidatat voluptate incididunt sint Lorem",
"post": "post_178",
"replies": [],
"flaggedAsSpam": false
},
{
"_id": "comment_30",
"author": "user_415",
"text": "mollit id ex excepteur et ad nulla dolor anim cillum",
"post": "post_108",
"replies": [
{
"id": "comment_74"
}
],
"flaggedAsSpam": true
},
{
"_id": "comment_31",
"author": "user_524",
"text": "esse cillum sunt velit laborum laborum eu ad aliquip dolor",
"post": "post_169",
"replies": [
{
"id": "comment_158"
}
],
"flaggedAsSpam": false
},
{
"_id": "comment_32",
"author": "user_951",
"text": "ipsum consectetur non Lorem sit nulla excepteur consectetur cillum ad",
"post": "post_105",
"replies": [
{
"id": "comment_43"
}
],
"flaggedAsSpam": true
},
{
"_id": "comment_33",
"author": "user_442",
"text": "aute dolor aute amet fugiat aliquip anim adipisicing in fugiat",
"post": "post_11",
"replies": [
{
"id": "comment_52"
}
],
"flaggedAsSpam": false
},
{
"_id": "comment_34",
"author": "user_680",
"text": "mollit velit aute elit quis amet in in veniam voluptate",
"post": "post_110",
"replies": [
{
"id": "comment_85"
},
{
"id": "comment_116"
}
],
"flaggedAsSpam": false
},
{
"_id": "comment_35",
"author": "user_536",
"text": "laborum in laborum nostrud magna ipsum qui esse anim anim",
"post": "post_132",
"replies": [],
"flaggedAsSpam": false
},
{
"_id": "comment_36",
"author": "user_108",
"text": "incididunt et sunt dolore consectetur do commodo do commodo exercitation",
"post": "post_151",
"replies": [
{
"id": "comment_66"
},
{
"id": "comment_6"
}
],
"flaggedAsSpam": true
},
{
"_id": "comment_37",
"author": "user_131",
"text": "nulla aute consectetur enim consectetur irure culpa esse nostrud consequat",
"post": "post_131",
"replies": [
{
"id": "comment_65"
}
],
"flaggedAsSpam": false
},
{
"_id": "comment_38",
"author": "user_601",
"text": "culpa in ut enim fugiat ea ut adipisicing reprehenderit dolore",
"post": "post_147",
"replies": [],
"flaggedAsSpam": false
},
{
"_id": "comment_39",
"author": "user_34",
"text": "labore officia proident labore ex exercitation aliquip esse anim laborum",
"post": "post_86",
"replies": [],
"flaggedAsSpam": true
},
{
"_id": "comment_40",
"author": "user_738",
"text": "mollit consectetur Lorem quis cillum quis sunt duis magna tempor",
"post": "post_137",
"replies": [
{
"id": "comment_39"
},
{
"id": "comment_118"
}
],
"flaggedAsSpam": true
},
{
"_id": "comment_41",
"author": "user_787",
"text": "aliquip nisi occaecat ex fugiat qui tempor enim Lorem enim",
"post": "post_192",
"replies": [
{
"id": "comment_129"
},
{
"id": "comment_192"
}
],
"flaggedAsSpam": false
},
{
"_id": "comment_42",
"author": "user_415",
"text": "ullamco dolor dolore enim nulla aliquip cupidatat labore consectetur et",
"post": "post_19",
"replies": [],
"flaggedAsSpam": false
},
{
"_id": "comment_43",
"author": "user_735",
"text": "laborum magna pariatur et veniam aliquip pariatur eu in eiusmod",
"post": "post_11",
"replies": [
{
"id": "comment_72"
}
],
"flaggedAsSpam": true
},
{
"_id": "comment_44",
"author": "user_307",
"text": "dolor minim ullamco eiusmod deserunt aliqua qui minim cupidatat aute",
"post": "post_45",
"replies": [
{
"id": "comment_156"
}
],
"flaggedAsSpam": true
},
{
"_id": "comment_45",
"author": "user_959",
"text": "commodo laborum consequat anim labore excepteur aliqua deserunt commodo sunt",
"post": "post_67",
"replies": [
{
"id": "comment_29"
}
],
"flaggedAsSpam": false
},
{
"_id": "comment_46",
"author": "user_289",
"text": "laborum deserunt magna labore consequat aliqua ullamco commodo ea commodo",
"post": "post_66",
"replies": [
{
"id": "comment_6"
},
{
"id": "comment_126"
}
],
"flaggedAsSpam": true
},
{
"_id": "comment_47",
"author": "user_931",
"text": "commodo aliquip anim dolore anim Lorem sunt pariatur excepteur non",
"post": "post_147",
"replies": [
{
"id": "comment_128"
},
{
"id": "comment_126"
}
],
"flaggedAsSpam": true
},
{
"_id": "comment_48",
"author": "user_43",
"text": "eiusmod officia qui ad Lorem ullamco ad nulla proident velit",
"post": "post_100",
"replies": [
{
"id": "comment_183"
}
],
"flaggedAsSpam": true
},
{
"_id": "comment_49",
"author": "user_512",
"text": "dolore non quis reprehenderit irure eu quis mollit eu officia",
"post": "post_109",
"replies": [
{
"id": "comment_112"
}
],
"flaggedAsSpam": false
},
{
"_id": "comment_50",
"author": "user_332",
"text": "reprehenderit duis aliquip ut est labore voluptate commodo do sint",
"post": "post_18",
"replies": [
{
"id": "comment_45"
}
],
"flaggedAsSpam": true
},
{
"_id": "comment_51",
"author": "user_146",
"text": "officia occaecat dolore laboris sint consectetur deserunt tempor anim et",
"post": "post_80",
"replies": [
{
"id": "comment_103"
},
{
"id": "comment_110"
}
],
"flaggedAsSpam": false
},
{
"_id": "comment_52",
"author": "user_690",
"text": "laboris aliqua mollit sint do in consequat anim officia velit",
"post": "post_15",
"replies": [
{
"id": "comment_7"
},
{
"id": "comment_195"
}
],
"flaggedAsSpam": false
},
{
"_id": "comment_53",
"author": "user_834",
"text": "reprehenderit occaecat minim tempor enim aute Lorem ullamco proident commodo",
"post": "post_168",
"replies": [
{
"id": "comment_24"
}
],
"flaggedAsSpam": false
},
{
"_id": "comment_54",
"author": "user_797",
"text": "in aliqua id deserunt dolor est aute occaecat excepteur ipsum",
"post": "post_136",
"replies": [
{
"id": "comment_7"
}
],
"flaggedAsSpam": false
},
{
"_id": "comment_55",
"author": "user_681",
"text": "sunt culpa sit sit laboris reprehenderit occaecat consectetur minim labore",
"post": "post_44",
"replies": [
{
"id": "comment_149"
}
],
"flaggedAsSpam": true
},
{
"_id": "comment_56",
"author": "user_515",
"text": "ea fugiat et elit minim elit duis duis quis reprehenderit",
"post": "post_188",
"replies": [
{
"id": "comment_81"
},
{
"id": "comment_176"
}
],
"flaggedAsSpam": true
},
{
"_id": "comment_57",
"author": "user_845",
"text": "qui sit qui irure do ea quis in cillum aliqua",
"post": "post_86",
"replies": [],
"flaggedAsSpam": true
},
{
"_id": "comment_58",
"author": "user_282",
"text": "qui do proident eu enim ipsum magna ex est Lorem",
"post": "post_124",
"replies": [
{
"id": "comment_80"
}
],
"flaggedAsSpam": false
},
{
"_id": "comment_59",
"author": "user_156",
"text": "consequat nostrud veniam do veniam eiusmod consectetur voluptate in consectetur",
"post": "post_11",
"replies": [
{
"id": "comment_86"
}
],
"flaggedAsSpam": false
},
{
"_id": "comment_60",
"author": "user_792",
"text": "irure anim ex esse labore dolor esse elit consequat nostrud",
"post": "post_38",
"replies": [],
"flaggedAsSpam": false
},
{
"_id": "comment_61",
"author": "user_701",
"text": "minim pariatur sunt laborum sint nostrud aliqua non irure aliqua",
"post": "post_80",
"replies": [
{
"id": "comment_50"
}
],
"flaggedAsSpam": false
},
{
"_id": "comment_62",
"author": "user_386",
"text": "esse exercitation minim adipisicing voluptate eu adipisicing Lorem velit sit",
"post": "post_81",
"replies": [
{
"id": "comment_47"
}
],
"flaggedAsSpam": false
},
{
"_id": "comment_63",
"author": "user_644",
"text": "in in duis sit Lorem ut occaecat aliqua veniam consectetur",
"post": "post_181",
"replies": [
{
"id": "comment_105"
}
],
"flaggedAsSpam": false
},
{
"_id": "comment_64",
"author": "user_821",
"text": "dolor deserunt elit tempor id veniam dolore ipsum adipisicing consectetur",
"post": "post_144",
"replies": [],
"flaggedAsSpam": true
},
{
"_id": "comment_65",
"author": "user_871",
"text": "ut exercitation amet sunt elit ullamco ea elit dolore dolore",
"post": "post_19",
"replies": [],
"flaggedAsSpam": true
},
{
"_id": "comment_66",
"author": "user_939",
"text": "qui ea ut cupidatat reprehenderit irure culpa ipsum amet nostrud",
"post": "post_145",
"replies": [
{
"id": "comment_12"
}
],
"flaggedAsSpam": true
},
{
"_id": "comment_67",
"author": "user_636",
"text": "veniam ipsum consequat ullamco dolor ipsum anim labore voluptate veniam",
"post": "post_77",
"replies": [],
"flaggedAsSpam": false
},
{
"_id": "comment_68",
"author": "user_863",
"text": "sint nostrud laboris adipisicing laborum tempor non dolore in eu",
"post": "post_97",
"replies": [
{
"id": "comment_163"
}
],
"flaggedAsSpam": true
},
{
"_id": "comment_69",
"author": "user_617",
"text": "amet ad proident quis labore anim in non proident dolore",
"post": "post_94",
"replies": [
{
"id": "comment_174"
}
],
"flaggedAsSpam": true
},
{
"_id": "comment_70",
"author": "user_110",
"text": "exercitation sint consectetur consequat est sint nostrud fugiat aliqua minim",
"post": "post_56",
"replies": [
{
"id": "comment_120"
}
],
"flaggedAsSpam": false
},
{
"_id": "comment_71",
"author": "user_427",
"text": "reprehenderit amet veniam pariatur pariatur aute ad pariatur officia pariatur",
"post": "post_9",
"replies": [
{
"id": "comment_28"
},
{
"id": "comment_123"
}
],
"flaggedAsSpam": false
},
{
"_id": "comment_72",
"author": "user_823",
"text": "pariatur aliqua proident tempor excepteur cillum aliqua enim ullamco enim",
"post": "post_15",
"replies": [
{
"id": "comment_51"
},
{
"id": "comment_8"
}
],
"flaggedAsSpam": true
},
{
"_id": "comment_73",
"author": "user_357",
"text": "aliqua magna ut consequat enim anim aliqua adipisicing quis exercitation",
"post": "post_50",
"replies": [],
"flaggedAsSpam": false
},
{
"_id": "comment_74",
"author": "user_959",
"text": "aliqua laboris consequat aliqua eu consectetur culpa exercitation labore cillum",
"post": "post_63",
"replies": [],
"flaggedAsSpam": false
},
{
"_id": "comment_75",
"author": "user_732",
"text": "aliquip duis dolor occaecat cupidatat pariatur ea laborum consectetur et",
"post": "post_146",
"replies": [
{
"id": "comment_76"
},
{
"id": "comment_112"
}
],
"flaggedAsSpam": true
},
{
"_id": "comment_76",
"author": "user_619",
"text": "exercitation et occaecat esse id esse adipisicing proident minim laboris",
"post": "post_65",
"replies": [
{
"id": "comment_20"
},
{
"id": "comment_35"
}
],
"flaggedAsSpam": false
},
{
"_id": "comment_77",
"author": "user_322",
"text": "qui ipsum quis pariatur excepteur nulla culpa fugiat sint cupidatat",
"post": "post_139",
"replies": [
{
"id": "comment_20"
},
{
"id": "comment_157"
}
],
"flaggedAsSpam": true
},
{
"_id": "comment_78",
"author": "user_340",
"text": "laborum Lorem elit fugiat tempor adipisicing laboris id non labore",
"post": "post_119",
"replies": [
{
"id": "comment_101"
},
{
"id": "comment_66"
}
],
"flaggedAsSpam": true
},
{
"_id": "comment_79",
"author": "user_426",
"text": "ullamco aute deserunt mollit nulla laborum enim reprehenderit nulla incididunt",
"post": "post_174",
"replies": [
{
"id": "comment_86"
},
{
"id": "comment_145"
}
],
"flaggedAsSpam": true
},
{
"_id": "comment_80",
"author": "user_772",
"text": "duis irure nostrud non culpa amet eu ipsum veniam incididunt",
"post": "post_160",
"replies": [
{
"id": "comment_196"
}
],
"flaggedAsSpam": true
},
{
"_id": "comment_81",
"author": "user_966",
"text": "proident in enim deserunt veniam mollit eu elit consequat amet",
"post": "post_165",
"replies": [
{
"id": "comment_157"
},
{
"id": "comment_4"
}
],
"flaggedAsSpam": true
},
{
"_id": "comment_82",
"author": "user_869",
"text": "deserunt dolor consequat ipsum sit proident aliquip id consequat dolor",
"post": "post_94",
"replies": [
{
"id": "comment_193"
},
{
"id": "comment_178"
}
],
"flaggedAsSpam": true
},
{
"_id": "comment_83",
"author": "user_326",
"text": "culpa tempor ipsum adipisicing ex sit tempor nostrud ad eu",
"post": "post_135",
"replies": [
{
"id": "comment_96"
},
{
"id": "comment_111"
}
],
"flaggedAsSpam": false
},
{
"_id": "comment_84",
"author": "user_488",
"text": "sit fugiat voluptate ad consequat cupidatat ipsum adipisicing sit minim",
"post": "post_120",
"replies": [
{
"id": "comment_39"
},
{
"id": "comment_144"
}
],
"flaggedAsSpam": true
},
{
"_id": "comment_85",
"author": "user_617",
"text": "eiusmod culpa minim cillum laboris nisi aute reprehenderit laboris esse",
"post": "post_88",
"replies": [],
"flaggedAsSpam": false
},
{
"_id": "comment_86",
"author": "user_654",
"text": "eu mollit amet adipisicing dolor laborum quis in nisi in",
"post": "post_134",
"replies": [
{
"id": "comment_47"
},
{
"id": "comment_144"
}
],
"flaggedAsSpam": true
},
{
"_id": "comment_87",
"author": "user_97",
"text": "excepteur occaecat anim elit veniam excepteur incididunt nulla eu ut",
"post": "post_172",
"replies": [
{
"id": "comment_142"
},
{
"id": "comment_134"
}
],
"flaggedAsSpam": false
},
{
"_id": "comment_88",
"author": "user_542",
"text": "aute ea nulla incididunt eiusmod elit non aliqua commodo incididunt",
"post": "post_196",
"replies": [
{
"id": "comment_195"
},
{
"id": "comment_188"
}
],
"flaggedAsSpam": false
},
{
"_id": "comment_89",
"author": "user_972",
"text": "tempor esse commodo fugiat eu est consectetur ullamco ut commodo",
"post": "post_48",
"replies": [],
"flaggedAsSpam": false
},
{
"_id": "comment_90",
"author": "user_785",
"text": "culpa deserunt labore quis aliquip Lorem dolore laborum exercitation nisi",
"post": "post_94",
"replies": [
{
"id": "comment_24"
}
],
"flaggedAsSpam": false
},
{
"_id": "comment_91",
"author": "user_101",
"text": "esse exercitation ipsum officia non cillum non ad ullamco ad",
"post": "post_65",
"replies": [],
"flaggedAsSpam": false
},
{
"_id": "comment_92",
"author": "user_845",
"text": "mollit labore enim exercitation excepteur cupidatat irure laboris nulla sit",
"post": "post_49",
"replies": [
{
"id": "comment_145"
}
],
"flaggedAsSpam": true
},
{
"_id": "comment_93",
"author": "user_601",
"text": "sunt nulla pariatur est nulla nostrud officia enim nulla eiusmod",
"post": "post_127",
"replies": [],
"flaggedAsSpam": true
},
{
"_id": "comment_94",
"author": "user_975",
"text": "veniam nulla labore aliqua veniam eiusmod commodo ex nostrud esse",
"post": "post_125",
"replies": [
{
"id": "comment_166"
}
],
"flaggedAsSpam": false
},
{
"_id": "comment_95",
"author": "user_645",
"text": "pariatur occaecat in culpa nostrud aliquip et enim aliquip deserunt",
"post": "post_137",
"replies": [],
"flaggedAsSpam": false
},
{
"_id": "comment_96",
"author": "user_449",
"text": "sunt mollit proident exercitation adipisicing excepteur nisi sint sit consequat",
"post": "post_150",
"replies": [
{
"id": "comment_37"
},
{
"id": "comment_140"
}
],
"flaggedAsSpam": false
},
{
"_id": "comment_97",
"author": "user_616",
"text": "eiusmod laboris minim sunt cillum consectetur officia do do irure",
"post": "post_24",
"replies": [],
"flaggedAsSpam": false
},
{
"_id": "comment_98",
"author": "user_252",
"text": "quis non anim do dolor mollit aliqua velit adipisicing eu",
"post": "post_110",
"replies": [
{
"id": "comment_51"
},
{
"id": "comment_29"
}
],
"flaggedAsSpam": true
},
{
"_id": "comment_99",
"author": "user_667",
"text": "id culpa qui aute labore non aute reprehenderit velit amet",
"post": "post_71",
"replies": [],
"flaggedAsSpam": true
},
{
"_id": "comment_100",
"author": "user_179",
"text": "sit nostrud cupidatat minim occaecat nulla eiusmod ullamco amet laborum",
"post": "post_93",
"replies": [],
"flaggedAsSpam": false
},
{
"_id": "comment_101",
"author": "user_444",
"text": "aliquip ea minim occaecat mollit qui cillum cillum esse ea",
"post": "post_156",
"replies": [],
"flaggedAsSpam": true
},
{
"_id": "comment_102",
"author": "user_560",
"text": "proident ad deserunt duis cillum anim excepteur occaecat commodo in",
"post": "post_64",
"replies": [
{
"id": "comment_115"
},
{
"id": "comment_74"
}
],
"flaggedAsSpam": false
},
{
"_id": "comment_103",
"author": "user_298",
"text": "elit mollit irure adipisicing eu excepteur eiusmod cillum pariatur incididunt",
"post": "post_153",
"replies": [
{
"id": "comment_154"
},
{
"id": "comment_76"
}
],
"flaggedAsSpam": true
},
{
"_id": "comment_104",
"author": "user_382",
"text": "magna ullamco aliqua officia fugiat incididunt nulla fugiat sunt dolore",
"post": "post_116",
"replies": [],
"flaggedAsSpam": true
},
{
"_id": "comment_105",
"author": "user_586",
"text": "laboris veniam in consequat culpa tempor culpa veniam dolore eiusmod",
"post": "post_157",
"replies": [
{
"id": "comment_79"
}
],
"flaggedAsSpam": false
},
{
"_id": "comment_106",
"author": "user_73",
"text": "sint sunt pariatur dolor elit consectetur id elit labore id",
"post": "post_61",
"replies": [
{
"id": "comment_156"
}
],
"flaggedAsSpam": false
},
{
"_id": "comment_107",
"author": "user_322",
"text": "nostrud ullamco et labore fugiat velit culpa cupidatat anim proident",
"post": "post_69",
"replies": [],
"flaggedAsSpam": true
},
{
"_id": "comment_108",
"author": "user_681",
"text": "adipisicing adipisicing occaecat Lorem amet duis velit quis nulla nulla",
"post": "post_108",
"replies": [
{
"id": "comment_119"
},
{
"id": "comment_184"
}
],
"flaggedAsSpam": true
},
{
"_id": "comment_109",
"author": "user_67",
"text": "voluptate officia commodo ullamco fugiat irure sint aliquip cupidatat occaecat",
"post": "post_2",
"replies": [],
"flaggedAsSpam": true
},
{
"_id": "comment_110",
"author": "user_565",
"text": "nisi voluptate commodo ut esse id proident id dolore proident",
"post": "post_23",
"replies": [
{
"id": "comment_122"
}
],
"flaggedAsSpam": false
},
{
"_id": "comment_111",
"author": "user_386",
"text": "id dolore culpa sit ex eiusmod laborum fugiat ut sint",
"post": "post_137",
"replies": [
{
"id": "comment_52"
},
{
"id": "comment_105"
}
],
"flaggedAsSpam": false
},
{
"_id": "comment_112",
"author": "user_624",
"text": "anim ipsum aliqua ad nisi commodo dolore ipsum mollit ex",
"post": "post_10",
"replies": [],
"flaggedAsSpam": true
},
{
"_id": "comment_113",
"author": "user_567",
"text": "quis in deserunt in cillum ullamco excepteur labore veniam enim",
"post": "post_10",
"replies": [],
"flaggedAsSpam": false
},
{
"_id": "comment_114",
"author": "user_778",
"text": "quis reprehenderit voluptate dolore ullamco laborum reprehenderit sit Lorem esse",
"post": "post_65",
"replies": [
{
"id": "comment_38"
},
{
"id": "comment_42"
}
],
"flaggedAsSpam": false
},
{
"_id": "comment_115",
"author": "user_579",
"text": "nisi deserunt fugiat ex consequat nulla ex anim culpa dolore",
"post": "post_112",
"replies": [
{
"id": "comment_110"
}
],
"flaggedAsSpam": false
},
{
"_id": "comment_116",
"author": "user_504",
"text": "culpa nostrud elit pariatur veniam qui cupidatat dolor esse ex",
"post": "post_12",
"replies": [
{
"id": "comment_94"
}
],
"flaggedAsSpam": true
},
{
"_id": "comment_117",
"author": "user_625",
"text": "minim est consectetur ex irure reprehenderit incididunt sint cupidatat ut",
"post": "post_82",
"replies": [],
"flaggedAsSpam": true
},
{
"_id": "comment_118",
"author": "user_315",
"text": "pariatur laborum ipsum id magna ut non enim irure tempor",
"post": "post_88",
"replies": [],
"flaggedAsSpam": true
},
{
"_id": "comment_119",
"author": "user_883",
"text": "consequat non fugiat esse velit sunt sit veniam nisi quis",
"post": "post_16",
"replies": [
{
"id": "comment_136"
}
],
"flaggedAsSpam": false
},
{
"_id": "comment_120",
"author": "user_150",
"text": "pariatur eu labore cupidatat exercitation ullamco sint qui occaecat adipisicing",
"post": "post_3",
"replies": [
{
"id": "comment_123"
},
{
"id": "comment_134"
}
],
"flaggedAsSpam": true
},
{
"_id": "comment_121",
"author": "user_68",
"text": "eiusmod id aliqua dolor amet laborum cupidatat consectetur anim eiusmod",
"post": "post_5",
"replies": [
{
"id": "comment_143"
},
{
"id": "comment_62"
}
],
"flaggedAsSpam": false
},
{
"_id": "comment_122",
"author": "user_562",
"text": "veniam aliqua quis reprehenderit ullamco eu occaecat elit ipsum eu",
"post": "post_29",
"replies": [
{
"id": "comment_121"
}
],
"flaggedAsSpam": true
},
{
"_id": "comment_123",
"author": "user_265",
"text": "elit reprehenderit consectetur reprehenderit minim laborum culpa fugiat occaecat do",
"post": "post_187",
"replies": [
{
"id": "comment_141"
},
{
"id": "comment_125"
}
],
"flaggedAsSpam": false
},
{
"_id": "comment_124",
"author": "user_415",
"text": "ullamco exercitation in eu pariatur consectetur tempor proident enim aliqua",
"post": "post_106",
"replies": [],
"flaggedAsSpam": true
},
{
"_id": "comment_125",
"author": "user_949",
"text": "consequat est sit est adipisicing eiusmod esse culpa culpa eu",
"post": "post_96",
"replies": [
{
"id": "comment_174"
}
],
"flaggedAsSpam": false
},
{
"_id": "comment_126",
"author": "user_894",
"text": "dolor culpa mollit laborum ut id esse cillum consectetur ea",
"post": "post_51",
"replies": [
{
"id": "comment_21"
},
{
"id": "comment_153"
}
],
"flaggedAsSpam": false
},
{
"_id": "comment_127",
"author": "user_758",
"text": "excepteur quis fugiat sunt enim incididunt voluptate proident occaecat id",
"post": "post_126",
"replies": [
{
"id": "comment_187"
}
],
"flaggedAsSpam": false
},
{
"_id": "comment_128",
"author": "user_834",
"text": "qui labore anim laboris deserunt est sit laboris elit amet",
"post": "post_47",
"replies": [
{
"id": "comment_195"
}
],
"flaggedAsSpam": false
},
{
"_id": "comment_129",
"author": "user_477",
"text": "deserunt sit aute sint elit esse deserunt anim ipsum reprehenderit",
"post": "post_198",
"replies": [
{
"id": "comment_161"
},
{
"id": "comment_97"
}
],
"flaggedAsSpam": true
},
{
"_id": "comment_130",
"author": "user_959",
"text": "pariatur cupidatat consequat ea laborum quis elit et anim enim",
"post": "post_125",
"replies": [],
"flaggedAsSpam": true
},
{
"_id": "comment_131",
"author": "user_69",
"text": "do do enim aliqua veniam magna esse eu velit ea",
"post": "post_14",
"replies": [
{
"id": "comment_159"
}
],
"flaggedAsSpam": false
},
{
"_id": "comment_132",
"author": "user_793",
"text": "sunt est et laboris sint cupidatat velit dolore aliquip irure",
"post": "post_189",
"replies": [
{
"id": "comment_20"
},
{
"id": "comment_4"
}
],
"flaggedAsSpam": false
},
{
"_id": "comment_133",
"author": "user_261",
"text": "nostrud tempor ea aute consequat magna consectetur sint aliquip deserunt",
"post": "post_52",
"replies": [],
"flaggedAsSpam": true
},
{
"_id": "comment_134",
"author": "user_231",
"text": "adipisicing laboris eiusmod tempor deserunt enim officia minim minim consectetur",
"post": "post_138",
"replies": [],
"flaggedAsSpam": true
},
{
"_id": "comment_135",
"author": "user_506",
"text": "nostrud do anim dolor dolore amet ut in quis excepteur",
"post": "post_130",
"replies": [
{
"id": "comment_123"
},
{
"id": "comment_113"
}
],
"flaggedAsSpam": false
},
{
"_id": "comment_136",
"author": "user_747",
"text": "ea commodo voluptate labore ullamco qui voluptate reprehenderit non ullamco",
"post": "post_149",
"replies": [],
"flaggedAsSpam": false
},
{
"_id": "comment_137",
"author": "user_637",
"text": "minim sunt enim nostrud quis in amet adipisicing laboris proident",
"post": "post_49",
"replies": [
{
"id": "comment_105"
},
{
"id": "comment_56"
}
],
"flaggedAsSpam": true
},
{
"_id": "comment_138",
"author": "user_53",
"text": "ex ipsum duis aute velit ea ullamco exercitation nostrud ut",
"post": "post_115",
"replies": [
{
"id": "comment_15"
}
],
"flaggedAsSpam": true
},
{
"_id": "comment_139",
"author": "user_407",
"text": "commodo consequat et consectetur consectetur ut ut eu id reprehenderit",
"post": "post_149",
"replies": [],
"flaggedAsSpam": true
},
{
"_id": "comment_140",
"author": "user_850",
"text": "occaecat esse est ipsum fugiat deserunt minim ullamco minim ipsum",
"post": "post_5",
"replies": [
{
"id": "comment_71"
},
{
"id": "comment_5"
}
],
"flaggedAsSpam": true
},
{
"_id": "comment_141",
"author": "user_738",
"text": "pariatur id commodo duis id ut officia aliquip nisi ipsum",
"post": "post_200",
"replies": [
{
"id": "comment_6"
}
],
"flaggedAsSpam": false
},
{
"_id": "comment_142",
"author": "user_28",
"text": "aute laborum laborum non nisi culpa labore eu reprehenderit adipisicing",
"post": "post_68",
"replies": [],
"flaggedAsSpam": false
},
{
"_id": "comment_143",
"author": "user_154",
"text": "est ullamco enim velit ex enim aute Lorem irure adipisicing",
"post": "post_57",
"replies": [
{
"id": "comment_195"
},
{
"id": "comment_45"
}
],
"flaggedAsSpam": true
},
{
"_id": "comment_144",
"author": "user_839",
"text": "velit irure id adipisicing laborum commodo ea ex et non",
"post": "post_87",
"replies": [
{
"id": "comment_88"
}
],
"flaggedAsSpam": true
},
{
"_id": "comment_145",
"author": "user_798",
"text": "voluptate duis sint ad pariatur consectetur ut occaecat ullamco enim",
"post": "post_172",
"replies": [],
"flaggedAsSpam": true
},
{
"_id": "comment_146",
"author": "user_541",
"text": "nulla ea reprehenderit labore ex laborum ipsum laboris do ullamco",
"post": "post_164",
"replies": [
{
"id": "comment_130"
}
],
"flaggedAsSpam": true
},
{
"_id": "comment_147",
"author": "user_994",
"text": "voluptate nisi incididunt laborum veniam labore nisi minim reprehenderit aliqua",
"post": "post_99",
"replies": [],
"flaggedAsSpam": false
},
{
"_id": "comment_148",
"author": "user_901",
"text": "deserunt proident occaecat aliquip non nisi reprehenderit deserunt non duis",
"post": "post_151",
"replies": [],
"flaggedAsSpam": false
},
{
"_id": "comment_149",
"author": "user_937",
"text": "incididunt eu sunt consectetur eiusmod ullamco anim commodo incididunt aliquip",
"post": "post_10",
"replies": [
{
"id": "comment_161"
},
{
"id": "comment_50"
}
],
"flaggedAsSpam": true
},
{
"_id": "comment_150",
"author": "user_975",
"text": "elit amet cillum irure exercitation deserunt sit in deserunt officia",
"post": "post_11",
"replies": [
{
"id": "comment_83"
}
],
"flaggedAsSpam": true
},
{
"_id": "comment_151",
"author": "user_401",
"text": "laboris in irure voluptate incididunt aute aute nulla ea elit",
"post": "post_199",
"replies": [],
"flaggedAsSpam": true
},
{
"_id": "comment_152",
"author": "user_247",
"text": "et nisi nostrud proident quis ea est qui ipsum voluptate",
"post": "post_131",
"replies": [
{
"id": "comment_42"
}
],
"flaggedAsSpam": false
},
{
"_id": "comment_153",
"author": "user_969",
"text": "deserunt officia reprehenderit do dolor aliquip non qui adipisicing voluptate",
"post": "post_187",
"replies": [
{
"id": "comment_1"
}
],
"flaggedAsSpam": false
},
{
"_id": "comment_154",
"author": "user_18",
"text": "exercitation elit sit laboris commodo in reprehenderit consectetur ipsum qui",
"post": "post_16",
"replies": [
{
"id": "comment_154"
},
{
"id": "comment_157"
}
],
"flaggedAsSpam": false
},
{
"_id": "comment_155",
"author": "user_545",
"text": "eiusmod dolore cupidatat eiusmod sint laboris consectetur irure dolor enim",
"post": "post_70",
"replies": [
{
"id": "comment_87"
},
{
"id": "comment_42"
}
],
"flaggedAsSpam": false
},
{
"_id": "comment_156",
"author": "user_771",
"text": "tempor sint ad ullamco aliquip duis elit et sit proident",
"post": "post_193",
"replies": [
{
"id": "comment_167"
}
],
"flaggedAsSpam": false
},
{
"_id": "comment_157",
"author": "user_438",
"text": "velit do incididunt nisi labore aliquip laborum qui et duis",
"post": "post_187",
"replies": [
{
"id": "comment_84"
},
{
"id": "comment_167"
}
],
"flaggedAsSpam": true
},
{
"_id": "comment_158",
"author": "user_516",
"text": "ut laboris consectetur nulla sit officia ipsum sit aute ex",
"post": "post_110",
"replies": [
{
"id": "comment_42"
},
{
"id": "comment_67"
}
],
"flaggedAsSpam": true
},
{
"_id": "comment_159",
"author": "user_86",
"text": "exercitation enim esse eu mollit laborum et dolore sunt magna",
"post": "post_62",
"replies": [
{
"id": "comment_145"
}
],
"flaggedAsSpam": false
},
{
"_id": "comment_160",
"author": "user_69",
"text": "sunt nostrud commodo eiusmod eiusmod nisi in consectetur duis sit",
"post": "post_2",
"replies": [
{
"id": "comment_133"
},
{
"id": "comment_61"
}
],
"flaggedAsSpam": true
},
{
"_id": "comment_161",
"author": "user_670",
"text": "elit duis est sint esse incididunt dolore veniam minim consectetur",
"post": "post_41",
"replies": [
{
"id": "comment_99"
},
{
"id": "comment_73"
}
],
"flaggedAsSpam": true
},
{
"_id": "comment_162",
"author": "user_615",
"text": "adipisicing elit elit consequat minim magna nostrud aute occaecat nulla",
"post": "post_96",
"replies": [],
"flaggedAsSpam": true
},
{
"_id": "comment_163",
"author": "user_759",
"text": "in aute excepteur non dolore ad ullamco eu ad adipisicing",
"post": "post_58",
"replies": [],
"flaggedAsSpam": false
},
{
"_id": "comment_164",
"author": "user_406",
"text": "fugiat anim quis consequat aliquip do id deserunt cillum deserunt",
"post": "post_9",
"replies": [],
"flaggedAsSpam": false
},
{
"_id": "comment_165",
"author": "user_435",
"text": "elit adipisicing laborum quis esse qui pariatur amet ex mollit",
"post": "post_15",
"replies": [
{
"id": "comment_89"
},
{
"id": "comment_100"
}
],
"flaggedAsSpam": true
},
{
"_id": "comment_166",
"author": "user_406",
"text": "anim commodo fugiat cupidatat pariatur cupidatat officia eu aliquip id",
"post": "post_67",
"replies": [
{
"id": "comment_147"
},
{
"id": "comment_2"
}
],
"flaggedAsSpam": false
},
{
"_id": "comment_167",
"author": "user_437",
"text": "aliqua minim consectetur nostrud ipsum culpa ut nostrud adipisicing velit",
"post": "post_25",
"replies": [],
"flaggedAsSpam": true
},
{
"_id": "comment_168",
"author": "user_68",
"text": "culpa laboris deserunt occaecat exercitation irure ea excepteur esse id",
"post": "post_41",
"replies": [
{
"id": "comment_88"
},
{
"id": "comment_175"
}
],
"flaggedAsSpam": true
},
{
"_id": "comment_169",
"author": "user_293",
"text": "cupidatat aute qui minim sit velit ipsum nostrud irure anim",
"post": "post_196",
"replies": [],
"flaggedAsSpam": true
},
{
"_id": "comment_170",
"author": "user_928",
"text": "irure amet cillum labore voluptate quis occaecat sint id eiusmod",
"post": "post_51",
"replies": [
{
"id": "comment_59"
}
],
"flaggedAsSpam": true
},
{
"_id": "comment_171",
"author": "user_226",
"text": "mollit voluptate do consectetur deserunt velit do cillum aute aute",
"post": "post_95",
"replies": [
{
"id": "comment_168"
}
],
"flaggedAsSpam": false
},
{
"_id": "comment_172",
"author": "user_44",
"text": "non ad nisi esse proident commodo et veniam duis dolor",
"post": "post_136",
"replies": [
{
"id": "comment_85"
},
{
"id": "comment_98"
}
],
"flaggedAsSpam": true
},
{
"_id": "comment_173",
"author": "user_690",
"text": "non proident Lorem cillum excepteur cillum ut eiusmod elit nostrud",
"post": "post_199",
"replies": [],
"flaggedAsSpam": true
},
{
"_id": "comment_174",
"author": "user_818",
"text": "occaecat cillum veniam ipsum dolor adipisicing nostrud pariatur id anim",
"post": "post_10",
"replies": [],
"flaggedAsSpam": true
},
{
"_id": "comment_175",
"author": "user_441",
"text": "occaecat consectetur fugiat et ex commodo esse deserunt duis labore",
"post": "post_114",
"replies": [
{
"id": "comment_49"
}
],
"flaggedAsSpam": false
},
{
"_id": "comment_176",
"author": "user_660",
"text": "anim mollit excepteur esse eu anim consectetur nulla nisi ut",
"post": "post_139",
"replies": [],
"flaggedAsSpam": true
},
{
"_id": "comment_177",
"author": "user_1",
"text": "quis ea officia minim esse dolore adipisicing irure eiusmod adipisicing",
"post": "post_90",
"replies": [],
"flaggedAsSpam": true
},
{
"_id": "comment_178",
"author": "user_500",
"text": "consequat qui anim pariatur velit ex in cupidatat pariatur ullamco",
"post": "post_169",
"replies": [],
"flaggedAsSpam": true
},
{
"_id": "comment_179",
"author": "user_625",
"text": "ipsum ea tempor labore amet amet ut et aliquip ipsum",
"post": "post_16",
"replies": [
{
"id": "comment_11"
}
],
"flaggedAsSpam": false
},
{
"_id": "comment_180",
"author": "user_210",
"text": "nulla elit eu reprehenderit do do laborum laboris occaecat officia",
"post": "post_169",
"replies": [
{
"id": "comment_69"
}
],
"flaggedAsSpam": true
},
{
"_id": "comment_181",
"author": "user_563",
"text": "cupidatat culpa mollit sint deserunt exercitation voluptate aliqua aute veniam",
"post": "post_196",
"replies": [
{
"id": "comment_37"
}
],
"flaggedAsSpam": true
},
{
"_id": "comment_182",
"author": "user_152",
"text": "officia cupidatat irure nostrud laborum incididunt reprehenderit nulla consectetur reprehenderit",
"post": "post_123",
"replies": [
{
"id": "comment_191"
},
{
"id": "comment_156"
}
],
"flaggedAsSpam": true
},
{
"_id": "comment_183",
"author": "user_115",
"text": "duis magna dolore cillum commodo duis proident minim dolor culpa",
"post": "post_171",
"replies": [
{
"id": "comment_31"
}
],
"flaggedAsSpam": false
},
{
"_id": "comment_184",
"author": "user_315",
"text": "minim nostrud id laborum aliquip dolore ea magna ea proident",
"post": "post_112",
"replies": [
{
"id": "comment_103"
},
{
"id": "comment_100"
}
],
"flaggedAsSpam": false
},
{
"_id": "comment_185",
"author": "user_717",
"text": "velit sunt non dolor sint officia non duis do voluptate",
"post": "post_120",
"replies": [
{
"id": "comment_161"
}
],
"flaggedAsSpam": false
},
{
"_id": "comment_186",
"author": "user_839",
"text": "dolore reprehenderit laboris in reprehenderit duis consequat laboris magna ipsum",
"post": "post_13",
"replies": [
{
"id": "comment_30"
}
],
"flaggedAsSpam": false
},
{
"_id": "comment_187",
"author": "user_749",
"text": "sunt sunt nulla adipisicing cupidatat proident aute aute adipisicing consectetur",
"post": "post_100",
"replies": [
{
"id": "comment_36"
}
],
"flaggedAsSpam": false
},
{
"_id": "comment_188",
"author": "user_672",
"text": "laboris irure aute Lorem aliquip eu nulla tempor sit deserunt",
"post": "post_171",
"replies": [
{
"id": "comment_126"
}
],
"flaggedAsSpam": false
},
{
"_id": "comment_189",
"author": "user_327",
"text": "quis laborum veniam laborum quis id labore sit eiusmod sit",
"post": "post_39",
"replies": [
{
"id": "comment_83"
},
{
"id": "comment_133"
}
],
"flaggedAsSpam": true
},
{
"_id": "comment_190",
"author": "user_193",
"text": "fugiat adipisicing consequat amet ipsum aute quis reprehenderit ad commodo",
"post": "post_9",
"replies": [],
"flaggedAsSpam": false
},
{
"_id": "comment_191",
"author": "user_201",
"text": "voluptate quis consequat ut aliquip aute ullamco consectetur laboris cillum",
"post": "post_13",
"replies": [
{
"id": "comment_96"
}
],
"flaggedAsSpam": false
},
{
"_id": "comment_192",
"author": "user_640",
"text": "fugiat eu minim magna et Lorem labore do aute ea",
"post": "post_142",
"replies": [
{
"id": "comment_172"
},
{
"id": "comment_155"
}
],
"flaggedAsSpam": true
},
{
"_id": "comment_193",
"author": "user_728",
"text": "mollit aliquip fugiat aliqua exercitation deserunt nisi sit officia nulla",
"post": "post_97",
"replies": [
{
"id": "comment_29"
}
],
"flaggedAsSpam": true
},
{
"_id": "comment_194",
"author": "user_848",
"text": "incididunt Lorem enim ipsum irure deserunt officia ut dolor elit",
"post": "post_81",
"replies": [
{
"id": "comment_115"
}
],
"flaggedAsSpam": false
},
{
"_id": "comment_195",
"author": "user_478",
"text": "do aliquip consequat ullamco duis dolor velit est amet qui",
"post": "post_17",
"replies": [],
"flaggedAsSpam": false
},
{
"_id": "comment_196",
"author": "user_107",
"text": "ea nulla ea dolore aute aute ullamco veniam magna officia",
"post": "post_103",
"replies": [
{
"id": "comment_166"
},
{
"id": "comment_24"
}
],
"flaggedAsSpam": true
},
{
"_id": "comment_197",
"author": "user_842",
"text": "eiusmod dolore aliqua pariatur sint officia in culpa cupidatat culpa",
"post": "post_147",
"replies": [
{
"id": "comment_86"
}
],
"flaggedAsSpam": true
},
{
"_id": "comment_198",
"author": "user_768",
"text": "culpa adipisicing in eiusmod amet irure nisi voluptate ut qui",
"post": "post_33",
"replies": [
{
"id": "comment_130"
},
{
"id": "comment_108"
}
],
"flaggedAsSpam": false
},
{
"_id": "comment_199",
"author": "user_588",
"text": "Lorem dolor est sunt quis est aute in commodo commodo",
"post": "post_8",
"replies": [],
"flaggedAsSpam": true
},
{
"_id": "comment_200",
"author": "user_614",
"text": "amet minim dolore dolor id ad sint aliqua anim eiusmod",
"post": "post_87",
"replies": [],
"flaggedAsSpam": true
},
{
"_id": "comment_201",
"author": "user_633",
"text": "officia aliqua occaecat quis culpa aute adipisicing tempor irure adipisicing",
"post": "post_134",
"replies": [
{
"id": "comment_103"
},
{
"id": "comment_122"
}
],
"flaggedAsSpam": true
},
{
"_id": "comment_202",
"author": "user_20",
"text": "cupidatat nisi adipisicing velit pariatur cillum sunt pariatur aliqua pariatur",
"post": "post_16",
"replies": [
{
"id": "comment_119"
},
{
"id": "comment_65"
}
],
"flaggedAsSpam": true
},
{
"_id": "comment_203",
"author": "user_152",
"text": "amet dolore cupidatat sunt deserunt ipsum in ullamco veniam quis",
"post": "post_34",
"replies": [
{
"id": "comment_87"
}
],
"flaggedAsSpam": true
},
{
"_id": "comment_204",
"author": "user_659",
"text": "aute eu occaecat reprehenderit adipisicing adipisicing sunt in cillum labore",
"post": "post_195",
"replies": [],
"flaggedAsSpam": false
},
{
"_id": "comment_205",
"author": "user_659",
"text": "in fugiat velit pariatur sunt reprehenderit veniam dolor ipsum proident",
"post": "post_14",
"replies": [],
"flaggedAsSpam": true
},
{
"_id": "comment_206",
"author": "user_429",
"text": "sint nostrud irure nisi consectetur commodo enim exercitation quis sint",
"post": "post_162",
"replies": [],
"flaggedAsSpam": false
},
{
"_id": "comment_207",
"author": "user_859",
"text": "sit excepteur qui nostrud veniam est est magna velit ea",
"post": "post_166",
"replies": [
{
"id": "comment_173"
},
{
"id": "comment_197"
}
],
"flaggedAsSpam": false
},
{
"_id": "comment_208",
"author": "user_299",
"text": "eiusmod irure aute et consequat sit aliqua elit voluptate fugiat",
"post": "post_157",
"replies": [
{
"id": "comment_121"
},
{
"id": "comment_5"
}
],
"flaggedAsSpam": true
},
{
"_id": "comment_209",
"author": "user_784",
"text": "nostrud amet minim exercitation cillum anim aute irure enim commodo",
"post": "post_77",
"replies": [],
"flaggedAsSpam": false
},
{
"_id": "comment_210",
"author": "user_42",
"text": "elit ex aute irure aute reprehenderit reprehenderit magna irure dolor",
"post": "post_145",
"replies": [
{
"id": "comment_143"
},
{
"id": "comment_13"
}
],
"flaggedAsSpam": false
},
{
"_id": "comment_211",
"author": "user_447",
"text": "et laborum mollit aliquip id velit nostrud esse do enim",
"post": "post_36",
"replies": [
{
"id": "comment_55"
},
{
"id": "comment_55"
}
],
"flaggedAsSpam": true
},
{
"_id": "comment_212",
"author": "user_681",
"text": "consequat amet aute incididunt ea est laboris deserunt elit laborum",
"post": "post_138",
"replies": [],
"flaggedAsSpam": false
},
{
"_id": "comment_213",
"author": "user_606",
"text": "cupidatat quis qui incididunt aliqua irure consequat reprehenderit reprehenderit sint",
"post": "post_150",
"replies": [
{
"id": "comment_154"
},
{
"id": "comment_180"
}
],
"flaggedAsSpam": true
},
{
"_id": "comment_214",
"author": "user_672",
"text": "elit exercitation aliqua velit ullamco enim proident non nostrud cupidatat",
"post": "post_193",
"replies": [],
"flaggedAsSpam": true
},
{
"_id": "comment_215",
"author": "user_75",
"text": "eiusmod minim sint sunt amet duis ullamco aliquip velit enim",
"post": "post_118",
"replies": [
{
"id": "comment_81"
}
],
"flaggedAsSpam": true
},
{
"_id": "comment_216",
"author": "user_168",
"text": "do commodo ipsum do proident in velit anim velit amet",
"post": "post_74",
"replies": [
{
"id": "comment_119"
}
],
"flaggedAsSpam": true
},
{
"_id": "comment_217",
"author": "user_89",
"text": "voluptate esse veniam ullamco ea dolor quis exercitation ad irure",
"post": "post_39",
"replies": [
{
"id": "comment_113"
},
{
"id": "comment_194"
}
],
"flaggedAsSpam": false
},
{
"_id": "comment_218",
"author": "user_129",
"text": "irure culpa incididunt quis proident velit laborum minim irure sunt",
"post": "post_128",
"replies": [
{
"id": "comment_32"
},
{
"id": "comment_40"
}
],
"flaggedAsSpam": false
},
{
"_id": "comment_219",
"author": "user_646",
"text": "fugiat cillum consectetur ea qui commodo cupidatat aliqua in proident",
"post": "post_46",
"replies": [
{
"id": "comment_140"
}
],
"flaggedAsSpam": false
},
{
"_id": "comment_220",
"author": "user_164",
"text": "anim aliqua laborum in consectetur Lorem reprehenderit velit ut elit",
"post": "post_32",
"replies": [
{
"id": "comment_27"
},
{
"id": "comment_25"
}
],
"flaggedAsSpam": false
},
{
"_id": "comment_221",
"author": "user_113",
"text": "dolore consectetur magna laboris culpa ullamco sit labore occaecat ipsum",
"post": "post_184",
"replies": [],
"flaggedAsSpam": true
},
{
"_id": "comment_222",
"author": "user_35",
"text": "labore labore deserunt esse et occaecat pariatur elit nisi laboris",
"post": "post_161",
"replies": [
{
"id": "comment_155"
},
{
"id": "comment_7"
}
],
"flaggedAsSpam": true
},
{
"_id": "comment_223",
"author": "user_464",
"text": "consequat ipsum voluptate aliqua duis sunt ex dolor id nulla",
"post": "post_148",
"replies": [
{
"id": "comment_126"
},
{
"id": "comment_104"
}
],
"flaggedAsSpam": false
},
{
"_id": "comment_224",
"author": "user_95",
"text": "ea voluptate eiusmod qui aliquip fugiat excepteur ad consectetur cillum",
"post": "post_138",
"replies": [],
"flaggedAsSpam": true
},
{
"_id": "comment_225",
"author": "user_689",
"text": "non elit mollit labore sunt fugiat fugiat ut culpa occaecat",
"post": "post_107",
"replies": [
{
"id": "comment_123"
}
],
"flaggedAsSpam": false
},
{
"_id": "comment_226",
"author": "user_657",
"text": "labore ex deserunt in amet deserunt et et sint dolor",
"post": "post_63",
"replies": [],
"flaggedAsSpam": true
},
{
"_id": "comment_227",
"author": "user_774",
"text": "reprehenderit enim nisi ipsum duis deserunt veniam labore esse amet",
"post": "post_166",
"replies": [
{
"id": "comment_129"
},
{
"id": "comment_92"
}
],
"flaggedAsSpam": true
},
{
"_id": "comment_228",
"author": "user_803",
"text": "qui non proident ad id et cupidatat occaecat nisi elit",
"post": "post_172",
"replies": [
{
"id": "comment_127"
},
{
"id": "comment_10"
}
],
"flaggedAsSpam": false
},
{
"_id": "comment_229",
"author": "user_446",
"text": "id ullamco veniam minim ad excepteur est nostrud ex voluptate",
"post": "post_89",
"replies": [
{
"id": "comment_40"
},
{
"id": "comment_43"
}
],
"flaggedAsSpam": true
},
{
"_id": "comment_230",
"author": "user_51",
"text": "reprehenderit magna deserunt commodo exercitation incididunt anim ut esse qui",
"post": "post_168",
"replies": [
{
"id": "comment_174"
},
{
"id": "comment_71"
}
],
"flaggedAsSpam": true
},
{
"_id": "comment_231",
"author": "user_947",
"text": "deserunt aliquip quis ad aute culpa aliquip nisi id irure",
"post": "post_115",
"replies": [
{
"id": "comment_34"
},
{
"id": "comment_198"
}
],
"flaggedAsSpam": false
},
{
"_id": "comment_232",
"author": "user_701",
"text": "qui quis eu nulla irure sit do velit sit do",
"post": "post_81",
"replies": [
{
"id": "comment_58"
},
{
"id": "comment_125"
}
],
"flaggedAsSpam": false
},
{
"_id": "comment_233",
"author": "user_523",
"text": "in consequat in sunt veniam laborum proident reprehenderit nisi velit",
"post": "post_41",
"replies": [
{
"id": "comment_155"
},
{
"id": "comment_79"
}
],
"flaggedAsSpam": false
},
{
"_id": "comment_234",
"author": "user_708",
"text": "deserunt ad commodo qui sunt amet minim do consequat sit",
"post": "post_6",
"replies": [
{
"id": "comment_21"
},
{
"id": "comment_180"
}
],
"flaggedAsSpam": true
},
{
"_id": "comment_235",
"author": "user_934",
"text": "nisi labore sint qui non nisi ullamco occaecat Lorem labore",
"post": "post_74",
"replies": [],
"flaggedAsSpam": false
},
{
"_id": "comment_236",
"author": "user_1",
"text": "est voluptate id ut sit non magna pariatur exercitation aliqua",
"post": "post_42",
"replies": [
{
"id": "comment_153"
},
{
"id": "comment_17"
}
],
"flaggedAsSpam": true
},
{
"_id": "comment_237",
"author": "user_806",
"text": "mollit exercitation deserunt do fugiat esse esse eiusmod minim ipsum",
"post": "post_195",
"replies": [
{
"id": "comment_154"
}
],
"flaggedAsSpam": true
},
{
"_id": "comment_238",
"author": "user_482",
"text": "aliquip esse incididunt labore aute non commodo voluptate quis aliqua",
"post": "post_49",
"replies": [
{
"id": "comment_28"
},
{
"id": "comment_123"
}
],
"flaggedAsSpam": false
},
{
"_id": "comment_239",
"author": "user_28",
"text": "pariatur sint dolore tempor occaecat est laborum voluptate tempor aliquip",
"post": "post_48",
"replies": [
{
"id": "comment_125"
},
{
"id": "comment_176"
}
],
"flaggedAsSpam": true
},
{
"_id": "comment_240",
"author": "user_615",
"text": "pariatur fugiat Lorem mollit ad reprehenderit anim magna esse veniam",
"post": "post_106",
"replies": [
{
"id": "comment_72"
},
{
"id": "comment_29"
}
],
"flaggedAsSpam": false
},
{
"_id": "comment_241",
"author": "user_812",
"text": "pariatur magna amet nisi do ipsum veniam adipisicing consequat anim",
"post": "post_37",
"replies": [],
"flaggedAsSpam": false
},
{
"_id": "comment_242",
"author": "user_912",
"text": "veniam culpa duis proident non commodo occaecat cillum ex labore",
"post": "post_89",
"replies": [],
"flaggedAsSpam": false
},
{
"_id": "comment_243",
"author": "user_572",
"text": "mollit irure laboris dolore duis laboris minim eiusmod veniam minim",
"post": "post_139",
"replies": [],
"flaggedAsSpam": false
},
{
"_id": "comment_244",
"author": "user_853",
"text": "tempor cillum exercitation fugiat Lorem reprehenderit ipsum ad magna est",
"post": "post_90",
"replies": [
{
"id": "comment_146"
},
{
"id": "comment_124"
}
],
"flaggedAsSpam": true
},
{
"_id": "comment_245",
"author": "user_451",
"text": "reprehenderit occaecat labore qui deserunt incididunt aliquip elit nisi exercitation",
"post": "post_85",
"replies": [],
"flaggedAsSpam": true
},
{
"_id": "comment_246",
"author": "user_96",
"text": "elit culpa Lorem qui officia duis consequat cillum sit consequat",
"post": "post_18",
"replies": [
{
"id": "comment_168"
}
],
"flaggedAsSpam": false
},
{
"_id": "comment_247",
"author": "user_111",
"text": "do esse eiusmod quis eiusmod nisi et duis cillum id",
"post": "post_198",
"replies": [
{
"id": "comment_61"
},
{
"id": "comment_9"
}
],
"flaggedAsSpam": false
},
{
"_id": "comment_248",
"author": "user_989",
"text": "adipisicing non anim exercitation do occaecat incididunt elit aliqua est",
"post": "post_66",
"replies": [],
"flaggedAsSpam": true
},
{
"_id": "comment_249",
"author": "user_971",
"text": "elit adipisicing aute reprehenderit ut excepteur reprehenderit occaecat ea cillum",
"post": "post_81",
"replies": [
{
"id": "comment_62"
},
{
"id": "comment_55"
}
],
"flaggedAsSpam": false
},
{
"_id": "comment_250",
"author": "user_373",
"text": "veniam magna Lorem sint excepteur tempor minim eiusmod culpa ipsum",
"post": "post_2",
"replies": [],
"flaggedAsSpam": false
},
{
"_id": "comment_251",
"author": "user_235",
"text": "voluptate velit ad dolor deserunt pariatur ad deserunt amet duis",
"post": "post_121",
"replies": [
{
"id": "comment_119"
}
],
"flaggedAsSpam": true
},
{
"_id": "comment_252",
"author": "user_241",
"text": "consectetur nisi ut ullamco consectetur fugiat labore eu aute aute",
"post": "post_137",
"replies": [],
"flaggedAsSpam": true
},
{
"_id": "comment_253",
"author": "user_968",
"text": "sint enim nulla nulla veniam eu esse ut ex labore",
"post": "post_58",
"replies": [
{
"id": "comment_47"
}
],
"flaggedAsSpam": false
},
{
"_id": "comment_254",
"author": "user_912",
"text": "elit fugiat commodo do occaecat pariatur veniam exercitation elit incididunt",
"post": "post_51",
"replies": [
{
"id": "comment_19"
}
],
"flaggedAsSpam": false
},
{
"_id": "comment_255",
"author": "user_56",
"text": "aute sunt magna esse sint ullamco occaecat excepteur ad do",
"post": "post_58",
"replies": [
{
"id": "comment_145"
},
{
"id": "comment_158"
}
],
"flaggedAsSpam": false
},
{
"_id": "comment_256",
"author": "user_918",
"text": "commodo dolor in sunt ex eiusmod laborum adipisicing voluptate exercitation",
"post": "post_30",
"replies": [
{
"id": "comment_145"
},
{
"id": "comment_39"
}
],
"flaggedAsSpam": false
},
{
"_id": "comment_257",
"author": "user_75",
"text": "Lorem nulla consectetur aute minim dolor culpa nostrud culpa id",
"post": "post_159",
"replies": [],
"flaggedAsSpam": true
},
{
"_id": "comment_258",
"author": "user_153",
"text": "mollit exercitation sunt tempor labore nulla aliquip consectetur do commodo",
"post": "post_180",
"replies": [
{
"id": "comment_37"
},
{
"id": "comment_197"
}
],
"flaggedAsSpam": true
},
{
"_id": "comment_259",
"author": "user_519",
"text": "ipsum enim sunt veniam cupidatat adipisicing consectetur aute quis duis",
"post": "post_137",
"replies": [],
"flaggedAsSpam": false
},
{
"_id": "comment_260",
"author": "user_139",
"text": "ex cupidatat sunt consequat elit mollit esse anim magna labore",
"post": "post_69",
"replies": [
{
"id": "comment_120"
}
],
"flaggedAsSpam": true
},
{
"_id": "comment_261",
"author": "user_25",
"text": "ullamco sunt non culpa laboris pariatur culpa cupidatat cupidatat exercitation",
"post": "post_119",
"replies": [
{
"id": "comment_116"
},
{
"id": "comment_176"
}
],
"flaggedAsSpam": false
},
{
"_id": "comment_262",
"author": "user_930",
"text": "do dolore consequat occaecat aliquip magna elit aute esse incididunt",
"post": "post_62",
"replies": [],
"flaggedAsSpam": false
},
{
"_id": "comment_263",
"author": "user_41",
"text": "eiusmod laboris esse sint laboris ad exercitation mollit qui reprehenderit",
"post": "post_60",
"replies": [
{
"id": "comment_71"
}
],
"flaggedAsSpam": true
},
{
"_id": "comment_264",
"author": "user_978",
"text": "tempor eu tempor nisi dolore ut eu sint velit do",
"post": "post_193",
"replies": [
{
"id": "comment_99"
},
{
"id": "comment_114"
}
],
"flaggedAsSpam": true
},
{
"_id": "comment_265",
"author": "user_764",
"text": "nostrud incididunt dolore deserunt in commodo eu sunt proident nostrud",
"post": "post_60",
"replies": [],
"flaggedAsSpam": true
},
{
"_id": "comment_266",
"author": "user_40",
"text": "enim eiusmod ex non qui non nisi sit laborum et",
"post": "post_177",
"replies": [
{
"id": "comment_93"
}
],
"flaggedAsSpam": true
},
{
"_id": "comment_267",
"author": "user_132",
"text": "anim incididunt nisi consequat dolore ad non cillum velit fugiat",
"post": "post_133",
"replies": [
{
"id": "comment_187"
},
{
"id": "comment_11"
}
],
"flaggedAsSpam": true
},
{
"_id": "comment_268",
"author": "user_408",
"text": "aliquip labore occaecat irure in amet voluptate aliquip cupidatat Lorem",
"post": "post_11",
"replies": [],
"flaggedAsSpam": false
},
{
"_id": "comment_269",
"author": "user_602",
"text": "culpa dolor laborum excepteur consequat cillum dolore magna ullamco mollit",
"post": "post_119",
"replies": [
{
"id": "comment_148"
},
{
"id": "comment_24"
}
],
"flaggedAsSpam": false
},
{
"_id": "comment_270",
"author": "user_178",
"text": "esse in ex eiusmod commodo exercitation sint aliqua ullamco consectetur",
"post": "post_99",
"replies": [
{
"id": "comment_98"
},
{
"id": "comment_147"
}
],
"flaggedAsSpam": false
},
{
"_id": "comment_271",
"author": "user_443",
"text": "quis nulla Lorem ea ut fugiat pariatur do duis consequat",
"post": "post_35",
"replies": [],
"flaggedAsSpam": false
},
{
"_id": "comment_272",
"author": "user_168",
"text": "dolore quis non dolor ullamco eiusmod nostrud amet nisi esse",
"post": "post_78",
"replies": [
{
"id": "comment_1"
}
],
"flaggedAsSpam": true
},
{
"_id": "comment_273",
"author": "user_559",
"text": "duis ullamco ut occaecat id anim amet consequat duis commodo",
"post": "post_184",
"replies": [
{
"id": "comment_116"
},
{
"id": "comment_88"
}
],
"flaggedAsSpam": true
}]