[
{
  "_id": "like_1",
  "author": "user_585",
  "post": "post_34"
},
{
"_id": "like_2",
"author": "user_237",
"post": "post_139"
},
{
"_id": "like_3",
"author": "user_439",
"post": "post_163"
},
{
"_id": "like_4",
"author": "user_529",
"post": "post_159"
},
{
"_id": "like_5",
"author": "user_427",
"post": "post_29"
},
{
"_id": "like_6",
"author": "user_370",
"post": "post_7"
},
{
"_id": "like_7",
"author": "user_828",
"post": "post_169"
},
{
"_id": "like_8",
"author": "user_788",
"post": "post_156"
},
{
"_id": "like_9",
"author": "user_820",
"post": "post_35"
},
{
"_id": "like_10",
"author": "user_772",
"post": "post_164"
},
{
"_id": "like_11",
"author": "user_427",
"post": "post_162"
},
{
"_id": "like_12",
"author": "user_649",
"post": "post_187"
},
{
"_id": "like_13",
"author": "user_200",
"post": "post_165"
},
{
"_id": "like_14",
"author": "user_980",
"post": "post_191"
},
{
"_id": "like_15",
"author": "user_788",
"post": "post_200"
},
{
"_id": "like_16",
"author": "user_202",
"post": "post_145"
},
{
"_id": "like_17",
"author": "user_344",
"post": "post_28"
},
{
"_id": "like_18",
"author": "user_621",
"post": "post_184"
},
{
"_id": "like_19",
"author": "user_545",
"post": "post_135"
},
{
"_id": "like_20",
"author": "user_408",
"post": "post_46"
},
{
"_id": "like_21",
"author": "user_195",
"post": "post_144"
},
{
"_id": "like_22",
"author": "user_867",
"post": "post_95"
},
{
"_id": "like_23",
"author": "user_22",
"post": "post_193"
},
{
"_id": "like_24",
"author": "user_312",
"post": "post_117"
},
{
"_id": "like_25",
"author": "user_848",
"post": "post_60"
},
{
"_id": "like_26",
"author": "user_618",
"post": "post_174"
},
{
"_id": "like_27",
"author": "user_991",
"post": "post_94"
},
{
"_id": "like_28",
"author": "user_335",
"post": "post_127"
},
{
"_id": "like_29",
"author": "user_316",
"post": "post_7"
},
{
"_id": "like_30",
"author": "user_801",
"post": "post_102"
},
{
"_id": "like_31",
"author": "user_558",
"post": "post_126"
},
{
"_id": "like_32",
"author": "user_111",
"post": "post_154"
},
{
"_id": "like_33",
"author": "user_300",
"post": "post_21"
},
{
"_id": "like_34",
"author": "user_339",
"post": "post_79"
},
{
"_id": "like_35",
"author": "user_893",
"post": "post_87"
},
{
"_id": "like_36",
"author": "user_704",
"post": "post_31"
},
{
"_id": "like_37",
"author": "user_567",
"post": "post_131"
},
{
"_id": "like_38",
"author": "user_239",
"post": "post_184"
},
{
"_id": "like_39",
"author": "user_339",
"post": "post_8"
},
{
"_id": "like_40",
"author": "user_951",
"post": "post_140"
},
{
"_id": "like_41",
"author": "user_891",
"post": "post_20"
},
{
"_id": "like_42",
"author": "user_295",
"post": "post_87"
},
{
"_id": "like_43",
"author": "user_321",
"post": "post_82"
},
{
"_id": "like_44",
"author": "user_536",
"post": "post_101"
},
{
"_id": "like_45",
"author": "user_141",
"post": "post_65"
},
{
"_id": "like_46",
"author": "user_217",
"post": "post_63"
},
{
"_id": "like_47",
"author": "user_25",
"post": "post_36"
},
{
"_id": "like_48",
"author": "user_632",
"post": "post_41"
},
{
"_id": "like_49",
"author": "user_667",
"post": "post_199"
},
{
"_id": "like_50",
"author": "user_623",
"post": "post_52"
},
{
"_id": "like_51",
"author": "user_211",
"post": "post_184"
},
{
"_id": "like_52",
"author": "user_335",
"post": "post_71"
},
{
"_id": "like_53",
"author": "user_114",
"post": "post_129"
},
{
"_id": "like_54",
"author": "user_55",
"post": "post_186"
},
{
"_id": "like_55",
"author": "user_486",
"post": "post_40"
},
{
"_id": "like_56",
"author": "user_525",
"post": "post_37"
},
{
"_id": "like_57",
"author": "user_383",
"post": "post_23"
},
{
"_id": "like_58",
"author": "user_916",
"post": "post_164"
},
{
"_id": "like_59",
"author": "user_793",
"post": "post_72"
},
{
"_id": "like_60",
"author": "user_867",
"post": "post_161"
},
{
"_id": "like_61",
"author": "user_758",
"post": "post_181"
},
{
"_id": "like_62",
"author": "user_873",
"post": "post_199"
},
{
"_id": "like_63",
"author": "user_133",
"post": "post_124"
},
{
"_id": "like_64",
"author": "user_754",
"post": "post_189"
},
{
"_id": "like_65",
"author": "user_593",
"post": "post_52"
},
{
"_id": "like_66",
"author": "user_637",
"post": "post_101"
},
{
"_id": "like_67",
"author": "user_824",
"post": "post_75"
},
{
"_id": "like_68",
"author": "user_848",
"post": "post_153"
},
{
"_id": "like_69",
"author": "user_644",
"post": "post_161"
},
{
"_id": "like_70",
"author": "user_64",
"post": "post_160"
},
{
"_id": "like_71",
"author": "user_380",
"post": "post_192"
},
{
"_id": "like_72",
"author": "user_119",
"post": "post_133"
},
{
"_id": "like_73",
"author": "user_36",
"post": "post_55"
},
{
"_id": "like_74",
"author": "user_709",
"post": "post_14"
},
{
"_id": "like_75",
"author": "user_750",
"post": "post_33"
},
{
"_id": "like_76",
"author": "user_692",
"post": "post_64"
},
{
"_id": "like_77",
"author": "user_883",
"post": "post_151"
},
{
"_id": "like_78",
"author": "user_376",
"post": "post_148"
},
{
"_id": "like_79",
"author": "user_355",
"post": "post_79"
},
{
"_id": "like_80",
"author": "user_248",
"post": "post_39"
},
{
"_id": "like_81",
"author": "user_102",
"post": "post_27"
},
{
"_id": "like_82",
"author": "user_949",
"post": "post_92"
},
{
"_id": "like_83",
"author": "user_219",
"post": "post_177"
},
{
"_id": "like_84",
"author": "user_600",
"post": "post_186"
},
{
"_id": "like_85",
"author": "user_56",
"post": "post_19"
},
{
"_id": "like_86",
"author": "user_123",
"post": "post_36"
},
{
"_id": "like_87",
"author": "user_188",
"post": "post_158"
},
{
"_id": "like_88",
"author": "user_348",
"post": "post_166"
},
{
"_id": "like_89",
"author": "user_871",
"post": "post_17"
},
{
"_id": "like_90",
"author": "user_723",
"post": "post_163"
},
{
"_id": "like_91",
"author": "user_382",
"post": "post_143"
},
{
"_id": "like_92",
"author": "user_285",
"post": "post_45"
},
{
"_id": "like_93",
"author": "user_773",
"post": "post_196"
},
{
"_id": "like_94",
"author": "user_530",
"post": "post_10"
},
{
"_id": "like_95",
"author": "user_992",
"post": "post_73"
},
{
"_id": "like_96",
"author": "user_127",
"post": "post_57"
},
{
"_id": "like_97",
"author": "user_222",
"post": "post_64"
},
{
"_id": "like_98",
"author": "user_940",
"post": "post_149"
},
{
"_id": "like_99",
"author": "user_145",
"post": "post_47"
},
{
"_id": "like_100",
"author": "user_622",
"post": "post_29"
},
{
"_id": "like_101",
"author": "user_383",
"post": "post_191"
},
{
"_id": "like_102",
"author": "user_721",
"post": "post_180"
},
{
"_id": "like_103",
"author": "user_221",
"post": "post_31"
},
{
"_id": "like_104",
"author": "user_922",
"post": "post_110"
},
{
"_id": "like_105",
"author": "user_544",
"post": "post_145"
},
{
"_id": "like_106",
"author": "user_888",
"post": "post_178"
},
{
"_id": "like_107",
"author": "user_701",
"post": "post_193"
},
{
"_id": "like_108",
"author": "user_498",
"post": "post_89"
},
{
"_id": "like_109",
"author": "user_747",
"post": "post_187"
},
{
"_id": "like_110",
"author": "user_349",
"post": "post_173"
},
{
"_id": "like_111",
"author": "user_570",
"post": "post_197"
},
{
"_id": "like_112",
"author": "user_446",
"post": "post_185"
},
{
"_id": "like_113",
"author": "user_883",
"post": "post_7"
},
{
"_id": "like_114",
"author": "user_810",
"post": "post_156"
},
{
"_id": "like_115",
"author": "user_316",
"post": "post_79"
},
{
"_id": "like_116",
"author": "user_660",
"post": "post_107"
},
{
"_id": "like_117",
"author": "user_306",
"post": "post_53"
},
{
"_id": "like_118",
"author": "user_836",
"post": "post_113"
},
{
"_id": "like_119",
"author": "user_83",
"post": "post_122"
},
{
"_id": "like_120",
"author": "user_726",
"post": "post_20"
},
{
"_id": "like_121",
"author": "user_437",
"post": "post_151"
},
{
"_id": "like_122",
"author": "user_105",
"post": "post_98"
},
{
"_id": "like_123",
"author": "user_950",
"post": "post_155"
},
{
"_id": "like_124",
"author": "user_338",
"post": "post_5"
},
{
"_id": "like_125",
"author": "user_230",
"post": "post_27"
},
{
"_id": "like_126",
"author": "user_198",
"post": "post_8"
},
{
"_id": "like_127",
"author": "user_635",
"post": "post_72"
},
{
"_id": "like_128",
"author": "user_968",
"post": "post_139"
},
{
"_id": "like_129",
"author": "user_320",
"post": "post_189"
},
{
"_id": "like_130",
"author": "user_376",
"post": "post_36"
},
{
"_id": "like_131",
"author": "user_476",
"post": "post_48"
},
{
"_id": "like_132",
"author": "user_417",
"post": "post_138"
},
{
"_id": "like_133",
"author": "user_41",
"post": "post_30"
},
{
"_id": "like_134",
"author": "user_541",
"post": "post_93"
},
{
"_id": "like_135",
"author": "user_95",
"post": "post_55"
},
{
"_id": "like_136",
"author": "user_32",
"post": "post_14"
},
{
"_id": "like_137",
"author": "user_285",
"post": "post_55"
},
{
"_id": "like_138",
"author": "user_384",
"post": "post_178"
},
{
"_id": "like_139",
"author": "user_964",
"post": "post_138"
},
{
"_id": "like_140",
"author": "user_62",
"post": "post_11"
},
{
"_id": "like_141",
"author": "user_606",
"post": "post_26"
},
{
"_id": "like_142",
"author": "user_63",
"post": "post_186"
},
{
"_id": "like_143",
"author": "user_351",
"post": "post_84"
},
{
"_id": "like_144",
"author": "user_307",
"post": "post_182"
},
{
"_id": "like_145",
"author": "user_961",
"post": "post_65"
},
{
"_id": "like_146",
"author": "user_203",
"post": "post_168"
},
{
"_id": "like_147",
"author": "user_776",
"post": "post_51"
},
{
"_id": "like_148",
"author": "user_505",
"post": "post_68"
},
{
"_id": "like_149",
"author": "user_440",
"post": "post_6"
},
{
"_id": "like_150",
"author": "user_997",
"post": "post_182"
},
{
"_id": "like_151",
"author": "user_314",
"post": "post_198"
},
{
"_id": "like_152",
"author": "user_772",
"post": "post_194"
},
{
"_id": "like_153",
"author": "user_508",
"post": "post_111"
},
{
"_id": "like_154",
"author": "user_670",
"post": "post_96"
},
{
"_id": "like_155",
"author": "user_386",
"post": "post_116"
},
{
"_id": "like_156",
"author": "user_603",
"post": "post_10"
},
{
"_id": "like_157",
"author": "user_934",
"post": "post_23"
},
{
"_id": "like_158",
"author": "user_689",
"post": "post_64"
},
{
"_id": "like_159",
"author": "user_546",
"post": "post_113"
},
{
"_id": "like_160",
"author": "user_556",
"post": "post_128"
},
{
"_id": "like_161",
"author": "user_244",
"post": "post_156"
},
{
"_id": "like_162",
"author": "user_48",
"post": "post_25"
},
{
"_id": "like_163",
"author": "user_956",
"post": "post_55"
},
{
"_id": "like_164",
"author": "user_494",
"post": "post_110"
},
{
"_id": "like_165",
"author": "user_752",
"post": "post_98"
},
{
"_id": "like_166",
"author": "user_272",
"post": "post_165"
},
{
"_id": "like_167",
"author": "user_35",
"post": "post_14"
},
{
"_id": "like_168",
"author": "user_906",
"post": "post_159"
},
{
"_id": "like_169",
"author": "user_531",
"post": "post_126"
},
{
"_id": "like_170",
"author": "user_946",
"post": "post_175"
}]