[{
  "_id": "message_1",
  "author": "user_570",
  "text": "sunt tempor occaecat et anim consectetur cillum ea elit anim",
  "receiver": "user_8",
  "seen": true
},
{
"_id": "message_2",
"author": "user_787",
"text": "consectetur et commodo eu nisi reprehenderit tempor do culpa irure",
"receiver": "user_858",
"seen": false
},
{
"_id": "message_3",
"author": "user_223",
"text": "anim id reprehenderit ullamco et anim consequat anim pariatur elit",
"receiver": "user_289",
"seen": false
},
{
"_id": "message_4",
"author": "user_158",
"text": "adipisicing tempor esse amet duis amet excepteur cupidatat laborum ex",
"receiver": "user_581",
"seen": false
},
{
"_id": "message_5",
"author": "user_248",
"text": "sunt Lorem id do id nostrud amet exercitation ipsum quis",
"receiver": "user_800",
"seen": false
},
{
"_id": "message_6",
"author": "user_76",
"text": "eiusmod velit sint nulla consequat ipsum quis duis anim anim",
"receiver": "user_83",
"seen": true
},
{
"_id": "message_7",
"author": "user_197",
"text": "eu labore commodo nulla ea reprehenderit officia voluptate eiusmod voluptate",
"receiver": "user_331",
"seen": true
},
{
"_id": "message_8",
"author": "user_505",
"text": "deserunt nisi sint cupidatat culpa exercitation pariatur elit occaecat Lorem",
"receiver": "user_751",
"seen": false
},
{
"_id": "message_9",
"author": "user_696",
"text": "fugiat nisi enim qui commodo eiusmod do consectetur fugiat quis",
"receiver": "user_424",
"seen": true
},
{
"_id": "message_10",
"author": "user_165",
"text": "adipisicing eiusmod magna est id commodo sit nostrud do magna",
"receiver": "user_221",
"seen": false
},
{
"_id": "message_11",
"author": "user_990",
"text": "sit elit amet excepteur amet irure reprehenderit mollit ad aute",
"receiver": "user_336",
"seen": false
},
{
"_id": "message_12",
"author": "user_150",
"text": "aliqua reprehenderit nostrud quis labore commodo ex nulla irure consequat",
"receiver": "user_40",
"seen": false
},
{
"_id": "message_13",
"author": "user_938",
"text": "et incididunt nostrud exercitation ipsum do laboris in eiusmod laboris",
"receiver": "user_870",
"seen": false
},
{
"_id": "message_14",
"author": "user_615",
"text": "tempor exercitation labore sint minim in dolor commodo mollit excepteur",
"receiver": "user_806",
"seen": false
},
{
"_id": "message_15",
"author": "user_540",
"text": "eu minim ex ipsum cupidatat commodo exercitation fugiat consequat excepteur",
"receiver": "user_657",
"seen": false
},
{
"_id": "message_16",
"author": "user_689",
"text": "id enim exercitation ad esse deserunt labore ut incididunt ex",
"receiver": "user_323",
"seen": false
},
{
"_id": "message_17",
"author": "user_134",
"text": "ex ex ex ipsum nisi et do eiusmod non adipisicing",
"receiver": "user_849",
"seen": false
},
{
"_id": "message_18",
"author": "user_817",
"text": "incididunt sunt irure sint et cupidatat nostrud proident dolore cupidatat",
"receiver": "user_768",
"seen": true
},
{
"_id": "message_19",
"author": "user_181",
"text": "sunt id non velit consequat tempor dolore nulla duis labore",
"receiver": "user_365",
"seen": true
},
{
"_id": "message_20",
"author": "user_255",
"text": "qui consectetur ut consequat commodo ullamco adipisicing Lorem sint consectetur",
"receiver": "user_149",
"seen": false
},
{
"_id": "message_21",
"author": "user_965",
"text": "mollit culpa culpa ex eiusmod laboris deserunt anim nulla voluptate",
"receiver": "user_813",
"seen": true
},
{
"_id": "message_22",
"author": "user_836",
"text": "occaecat quis esse veniam deserunt occaecat ea ea exercitation in",
"receiver": "user_78",
"seen": false
},
{
"_id": "message_23",
"author": "user_947",
"text": "do culpa reprehenderit aliqua labore eu amet aliqua velit veniam",
"receiver": "user_506",
"seen": true
},
{
"_id": "message_24",
"author": "user_480",
"text": "ea esse nisi nostrud laborum laboris amet consequat officia officia",
"receiver": "user_695",
"seen": true
},
{
"_id": "message_25",
"author": "user_561",
"text": "Lorem quis ut ea cupidatat aliqua voluptate ex laboris exercitation",
"receiver": "user_466",
"seen": true
},
{
"_id": "message_26",
"author": "user_70",
"text": "nisi sunt voluptate Lorem nisi minim tempor nisi quis quis",
"receiver": "user_311",
"seen": false
},
{
"_id": "message_27",
"author": "user_834",
"text": "sunt reprehenderit ullamco deserunt voluptate elit tempor proident magna ut",
"receiver": "user_606",
"seen": false
},
{
"_id": "message_28",
"author": "user_496",
"text": "dolore est Lorem ea occaecat aliquip ullamco enim velit non",
"receiver": "user_133",
"seen": true
},
{
"_id": "message_29",
"author": "user_258",
"text": "id mollit et ad velit nisi incididunt culpa nisi ea",
"receiver": "user_790",
"seen": false
},
{
"_id": "message_30",
"author": "user_296",
"text": "velit deserunt ea est elit aliqua veniam magna id consequat",
"receiver": "user_736",
"seen": false
},
{
"_id": "message_31",
"author": "user_249",
"text": "minim ea sint voluptate esse aute magna magna et reprehenderit",
"receiver": "user_954",
"seen": false
},
{
"_id": "message_32",
"author": "user_629",
"text": "culpa enim veniam laborum exercitation tempor exercitation ex id et",
"receiver": "user_594",
"seen": true
},
{
"_id": "message_33",
"author": "user_192",
"text": "fugiat commodo qui nulla consectetur ut excepteur enim tempor ut",
"receiver": "user_369",
"seen": true
},
{
"_id": "message_34",
"author": "user_447",
"text": "non dolor incididunt culpa consequat fugiat exercitation eiusmod adipisicing deserunt",
"receiver": "user_490",
"seen": true
},
{
"_id": "message_35",
"author": "user_801",
"text": "est aliqua esse in laboris officia velit incididunt enim voluptate",
"receiver": "user_380",
"seen": true
},
{
"_id": "message_36",
"author": "user_489",
"text": "commodo est pariatur commodo tempor do quis non officia do",
"receiver": "user_467",
"seen": true
},
{
"_id": "message_37",
"author": "user_589",
"text": "do consequat aute laboris eiusmod consectetur eu id aute nulla",
"receiver": "user_284",
"seen": false
},
{
"_id": "message_38",
"author": "user_815",
"text": "laborum ad tempor aliqua sint eu ipsum laborum consequat nulla",
"receiver": "user_562",
"seen": true
},
{
"_id": "message_39",
"author": "user_685",
"text": "anim velit incididunt elit magna esse velit voluptate sunt ipsum",
"receiver": "user_705",
"seen": true
},
{
"_id": "message_40",
"author": "user_147",
"text": "tempor laboris laborum duis laborum voluptate sint sint Lorem reprehenderit",
"receiver": "user_518",
"seen": false
},
{
"_id": "message_41",
"author": "user_157",
"text": "sunt consequat pariatur ea adipisicing nisi ad occaecat proident occaecat",
"receiver": "user_65",
"seen": true
},
{
"_id": "message_42",
"author": "user_159",
"text": "ea esse quis eiusmod eu dolore esse aliqua magna in",
"receiver": "user_199",
"seen": false
},
{
"_id": "message_43",
"author": "user_435",
"text": "eiusmod magna pariatur magna do consequat adipisicing reprehenderit exercitation in",
"receiver": "user_871",
"seen": false
},
{
"_id": "message_44",
"author": "user_481",
"text": "amet exercitation tempor ex laboris aliquip tempor et velit duis",
"receiver": "user_454",
"seen": true
},
{
"_id": "message_45",
"author": "user_560",
"text": "nisi et Lorem exercitation nisi nostrud magna voluptate voluptate duis",
"receiver": "user_672",
"seen": true
},
{
"_id": "message_46",
"author": "user_139",
"text": "consectetur ea culpa adipisicing sit magna aliqua commodo sint tempor",
"receiver": "user_170",
"seen": true
},
{
"_id": "message_47",
"author": "user_603",
"text": "qui commodo ipsum sunt laboris excepteur voluptate occaecat occaecat esse",
"receiver": "user_116",
"seen": true
},
{
"_id": "message_48",
"author": "user_72",
"text": "excepteur pariatur commodo fugiat consectetur duis excepteur ea deserunt et",
"receiver": "user_700",
"seen": false
},
{
"_id": "message_49",
"author": "user_615",
"text": "pariatur aliqua veniam est est eu nisi proident velit dolore",
"receiver": "user_907",
"seen": false
},
{
"_id": "message_50",
"author": "user_331",
"text": "occaecat deserunt esse aute id mollit voluptate ea nulla nulla",
"receiver": "user_270",
"seen": false
},
{
"_id": "message_51",
"author": "user_430",
"text": "id cillum id Lorem et id in exercitation labore id",
"receiver": "user_553",
"seen": false
},
{
"_id": "message_52",
"author": "user_146",
"text": "deserunt voluptate eiusmod elit commodo officia aute et adipisicing esse",
"receiver": "user_511",
"seen": true
},
{
"_id": "message_53",
"author": "user_770",
"text": "deserunt do sint ullamco qui commodo sit aute labore consectetur",
"receiver": "user_1",
"seen": false
},
{
"_id": "message_54",
"author": "user_358",
"text": "sunt laboris mollit exercitation consectetur quis in aliqua amet reprehenderit",
"receiver": "user_206",
"seen": true
},
{
"_id": "message_55",
"author": "user_98",
"text": "exercitation eiusmod aliquip tempor minim eiusmod nostrud dolor ipsum mollit",
"receiver": "user_246",
"seen": false
},
{
"_id": "message_56",
"author": "user_766",
"text": "incididunt quis magna ea ad exercitation exercitation ad eiusmod amet",
"receiver": "user_300",
"seen": false
},
{
"_id": "message_57",
"author": "user_518",
"text": "id reprehenderit magna fugiat duis proident incididunt ex quis adipisicing",
"receiver": "user_434",
"seen": true
},
{
"_id": "message_58",
"author": "user_360",
"text": "nostrud ex excepteur reprehenderit id ea duis amet ad excepteur",
"receiver": "user_939",
"seen": false
},
{
"_id": "message_59",
"author": "user_558",
"text": "anim qui dolore in dolor non aliqua laboris qui non",
"receiver": "user_91",
"seen": true
},
{
"_id": "message_60",
"author": "user_963",
"text": "tempor et irure nostrud reprehenderit ex incididunt nisi ex anim",
"receiver": "user_863",
"seen": false
},
{
"_id": "message_61",
"author": "user_313",
"text": "dolore eiusmod aliqua cillum culpa ullamco quis incididunt excepteur consectetur",
"receiver": "user_653",
"seen": false
},
{
"_id": "message_62",
"author": "user_515",
"text": "labore enim irure commodo deserunt amet sit Lorem adipisicing laboris",
"receiver": "user_611",
"seen": false
},
{
"_id": "message_63",
"author": "user_75",
"text": "ut dolor commodo minim ad consequat laborum esse nisi aliquip",
"receiver": "user_578",
"seen": true
},
{
"_id": "message_64",
"author": "user_798",
"text": "commodo amet sunt exercitation reprehenderit ea ipsum dolor id duis",
"receiver": "user_410",
"seen": false
},
{
"_id": "message_65",
"author": "user_300",
"text": "id id cupidatat exercitation reprehenderit duis mollit excepteur mollit cupidatat",
"receiver": "user_336",
"seen": true
},
{
"_id": "message_66",
"author": "user_455",
"text": "ea ut adipisicing sint qui fugiat ea commodo deserunt exercitation",
"receiver": "user_617",
"seen": false
},
{
"_id": "message_67",
"author": "user_33",
"text": "adipisicing voluptate in minim eiusmod qui sit consequat sint officia",
"receiver": "user_694",
"seen": false
},
{
"_id": "message_68",
"author": "user_815",
"text": "officia exercitation reprehenderit pariatur ex commodo dolore in do pariatur",
"receiver": "user_609",
"seen": true
},
{
"_id": "message_69",
"author": "user_86",
"text": "tempor consectetur reprehenderit ullamco adipisicing reprehenderit velit in tempor laborum",
"receiver": "user_766",
"seen": false
},
{
"_id": "message_70",
"author": "user_874",
"text": "sit ex amet tempor amet duis dolor mollit fugiat sint",
"receiver": "user_947",
"seen": false
},
{
"_id": "message_71",
"author": "user_852",
"text": "tempor nisi esse est magna aliquip pariatur tempor in non",
"receiver": "user_138",
"seen": true
},
{
"_id": "message_72",
"author": "user_240",
"text": "ad ullamco enim est excepteur irure sunt mollit ex voluptate",
"receiver": "user_886",
"seen": false
},
{
"_id": "message_73",
"author": "user_283",
"text": "adipisicing nisi commodo occaecat aliquip esse officia tempor consequat sit",
"receiver": "user_153",
"seen": false
},
{
"_id": "message_74",
"author": "user_527",
"text": "anim exercitation sit ullamco duis enim enim et aliqua sit",
"receiver": "user_739",
"seen": true
},
{
"_id": "message_75",
"author": "user_119",
"text": "esse magna qui eu excepteur cillum duis ipsum amet ipsum",
"receiver": "user_469",
"seen": false
},
{
"_id": "message_76",
"author": "user_135",
"text": "proident sint anim culpa pariatur commodo culpa proident nisi ipsum",
"receiver": "user_192",
"seen": true
},
{
"_id": "message_77",
"author": "user_578",
"text": "culpa consectetur officia incididunt non elit fugiat fugiat occaecat et",
"receiver": "user_226",
"seen": false
},
{
"_id": "message_78",
"author": "user_110",
"text": "ex exercitation qui occaecat voluptate consequat proident excepteur aliqua ad",
"receiver": "user_775",
"seen": true
},
{
"_id": "message_79",
"author": "user_331",
"text": "ad excepteur dolore fugiat ut velit elit dolore tempor quis",
"receiver": "user_520",
"seen": false
},
{
"_id": "message_80",
"author": "user_297",
"text": "exercitation fugiat exercitation commodo exercitation aliqua adipisicing reprehenderit dolor officia",
"receiver": "user_563",
"seen": true
},
{
"_id": "message_81",
"author": "user_981",
"text": "occaecat ullamco laboris sint cillum dolor velit quis laborum nostrud",
"receiver": "user_441",
"seen": false
},
{
"_id": "message_82",
"author": "user_271",
"text": "eiusmod anim anim magna incididunt sint nulla occaecat aliqua non",
"receiver": "user_563",
"seen": false
},
{
"_id": "message_83",
"author": "user_323",
"text": "id non nisi pariatur labore sit eiusmod aute anim qui",
"receiver": "user_463",
"seen": true
},
{
"_id": "message_84",
"author": "user_286",
"text": "non laboris ea exercitation anim ea officia velit tempor fugiat",
"receiver": "user_939",
"seen": true
},
{
"_id": "message_85",
"author": "user_675",
"text": "fugiat ea pariatur enim pariatur aute magna mollit minim consequat",
"receiver": "user_430",
"seen": false
},
{
"_id": "message_86",
"author": "user_325",
"text": "ipsum ullamco ex ipsum fugiat deserunt et do exercitation commodo",
"receiver": "user_5",
"seen": false
},
{
"_id": "message_87",
"author": "user_939",
"text": "id nostrud anim tempor mollit mollit occaecat eiusmod laborum Lorem",
"receiver": "user_739",
"seen": false
},
{
"_id": "message_88",
"author": "user_124",
"text": "amet adipisicing qui fugiat minim do in quis aute sunt",
"receiver": "user_576",
"seen": true
},
{
"_id": "message_89",
"author": "user_784",
"text": "labore elit exercitation esse dolore eiusmod non proident quis reprehenderit",
"receiver": "user_649",
"seen": true
},
{
"_id": "message_90",
"author": "user_589",
"text": "enim dolor tempor ad quis deserunt ex qui ipsum ad",
"receiver": "user_606",
"seen": true
},
{
"_id": "message_91",
"author": "user_207",
"text": "dolor exercitation esse mollit ea duis officia cillum nulla qui",
"receiver": "user_823",
"seen": false
},
{
"_id": "message_92",
"author": "user_762",
"text": "ullamco proident eiusmod nisi laboris eu nostrud elit tempor nisi",
"receiver": "user_787",
"seen": true
},
{
"_id": "message_93",
"author": "user_5",
"text": "et labore officia et ad exercitation qui sunt occaecat dolore",
"receiver": "user_632",
"seen": false
},
{
"_id": "message_94",
"author": "user_493",
"text": "velit sit officia excepteur do culpa sunt minim reprehenderit proident",
"receiver": "user_753",
"seen": false
},
{
"_id": "message_95",
"author": "user_541",
"text": "id consectetur veniam commodo magna labore laborum eiusmod sunt aliqua",
"receiver": "user_342",
"seen": true
},
{
"_id": "message_96",
"author": "user_252",
"text": "nisi reprehenderit labore enim exercitation sint aute eiusmod ex ea",
"receiver": "user_645",
"seen": true
},
{
"_id": "message_97",
"author": "user_877",
"text": "reprehenderit excepteur est aute esse minim occaecat pariatur proident velit",
"receiver": "user_972",
"seen": false
},
{
"_id": "message_98",
"author": "user_162",
"text": "mollit duis culpa duis id labore tempor ad occaecat ullamco",
"receiver": "user_952",
"seen": false
},
{
"_id": "message_99",
"author": "user_748",
"text": "mollit esse pariatur velit aliquip non occaecat exercitation duis reprehenderit",
"receiver": "user_330",
"seen": false
},
{
"_id": "message_100",
"author": "user_379",
"text": "laborum velit voluptate deserunt cupidatat ex Lorem officia qui nulla",
"receiver": "user_503",
"seen": true
},
{
"_id": "message_101",
"author": "user_195",
"text": "elit irure non commodo Lorem elit nulla in dolor ipsum",
"receiver": "user_375",
"seen": false
},
{
"_id": "message_102",
"author": "user_922",
"text": "fugiat qui sit ullamco quis ullamco nostrud do nostrud id",
"receiver": "user_572",
"seen": true
},
{
"_id": "message_103",
"author": "user_375",
"text": "velit ipsum pariatur sit officia esse reprehenderit aute eiusmod mollit",
"receiver": "user_206",
"seen": false
},
{
"_id": "message_104",
"author": "user_670",
"text": "exercitation aliquip est mollit id qui aliquip consectetur voluptate veniam",
"receiver": "user_764",
"seen": true
},
{
"_id": "message_105",
"author": "user_49",
"text": "officia proident sunt pariatur culpa esse nostrud aliquip proident ea",
"receiver": "user_422",
"seen": false
},
{
"_id": "message_106",
"author": "user_499",
"text": "ex deserunt adipisicing sit commodo et tempor Lorem consequat dolore",
"receiver": "user_160",
"seen": true
},
{
"_id": "message_107",
"author": "user_102",
"text": "excepteur proident consequat deserunt eiusmod reprehenderit dolore ex culpa reprehenderit",
"receiver": "user_161",
"seen": true
},
{
"_id": "message_108",
"author": "user_630",
"text": "irure incididunt enim cupidatat eu sunt enim adipisicing minim laboris",
"receiver": "user_147",
"seen": true
},
{
"_id": "message_109",
"author": "user_884",
"text": "non ullamco excepteur minim enim occaecat excepteur aliquip irure commodo",
"receiver": "user_46",
"seen": true
},
{
"_id": "message_110",
"author": "user_308",
"text": "sit quis pariatur dolor ea velit fugiat nulla excepteur elit",
"receiver": "user_136",
"seen": true
},
{
"_id": "message_111",
"author": "user_664",
"text": "incididunt voluptate cupidatat amet veniam incididunt commodo adipisicing excepteur labore",
"receiver": "user_316",
"seen": false
},
{
"_id": "message_112",
"author": "user_651",
"text": "reprehenderit proident exercitation dolore non ad ut aliquip ad labore",
"receiver": "user_211",
"seen": false
},
{
"_id": "message_113",
"author": "user_104",
"text": "incididunt amet laboris duis id do laborum labore qui enim",
"receiver": "user_157",
"seen": true
},
{
"_id": "message_114",
"author": "user_493",
"text": "voluptate nostrud aliquip dolore aute occaecat deserunt proident culpa pariatur",
"receiver": "user_519",
"seen": true
},
{
"_id": "message_115",
"author": "user_68",
"text": "deserunt consectetur dolore irure labore magna eu magna ut qui",
"receiver": "user_64",
"seen": true
},
{
"_id": "message_116",
"author": "user_564",
"text": "id nostrud ex aliquip incididunt nostrud nostrud laborum anim ipsum",
"receiver": "user_962",
"seen": true
},
{
"_id": "message_117",
"author": "user_100",
"text": "eu eiusmod elit eu commodo nostrud do sint nostrud duis",
"receiver": "user_514",
"seen": true
},
{
"_id": "message_118",
"author": "user_594",
"text": "qui pariatur culpa sit ullamco sunt quis aliquip ea tempor",
"receiver": "user_431",
"seen": true
},
{
"_id": "message_119",
"author": "user_296",
"text": "proident do exercitation deserunt veniam ullamco excepteur proident labore sunt",
"receiver": "user_401",
"seen": false
},
{
"_id": "message_120",
"author": "user_179",
"text": "nulla labore est est est dolor aliqua veniam tempor commodo",
"receiver": "user_200",
"seen": false
},
{
"_id": "message_121",
"author": "user_73",
"text": "mollit eiusmod cupidatat labore esse aliquip ullamco esse aute cillum",
"receiver": "user_641",
"seen": false
},
{
"_id": "message_122",
"author": "user_952",
"text": "pariatur anim nisi duis laborum deserunt nisi culpa incididunt cillum",
"receiver": "user_711",
"seen": true
},
{
"_id": "message_123",
"author": "user_595",
"text": "fugiat et est incididunt ex magna voluptate exercitation do aute",
"receiver": "user_642",
"seen": false
},
{
"_id": "message_124",
"author": "user_840",
"text": "cillum reprehenderit amet ut ipsum consectetur cupidatat nostrud ad enim",
"receiver": "user_712",
"seen": false
},
{
"_id": "message_125",
"author": "user_808",
"text": "veniam minim enim tempor ea dolor velit cillum ipsum sint",
"receiver": "user_176",
"seen": false
},
{
"_id": "message_126",
"author": "user_375",
"text": "excepteur elit enim velit aliquip eu et enim sint nulla",
"receiver": "user_447",
"seen": false
},
{
"_id": "message_127",
"author": "user_343",
"text": "consectetur do eiusmod amet aliqua consectetur aute ut ex velit",
"receiver": "user_587",
"seen": false
},
{
"_id": "message_128",
"author": "user_591",
"text": "ad in tempor aute fugiat reprehenderit Lorem do velit esse",
"receiver": "user_243",
"seen": true
},
{
"_id": "message_129",
"author": "user_231",
"text": "sit sint pariatur veniam irure nulla ad elit voluptate aliquip",
"receiver": "user_34",
"seen": true
},
{
"_id": "message_130",
"author": "user_57",
"text": "enim eiusmod tempor laboris id elit proident cillum incididunt ut",
"receiver": "user_590",
"seen": true
},
{
"_id": "message_131",
"author": "user_995",
"text": "dolor aliqua exercitation cillum cillum incididunt velit ipsum ad esse",
"receiver": "user_868",
"seen": false
},
{
"_id": "message_132",
"author": "user_587",
"text": "duis ipsum velit veniam pariatur quis ut laborum id enim",
"receiver": "user_493",
"seen": false
},
{
"_id": "message_133",
"author": "user_963",
"text": "reprehenderit nisi incididunt voluptate ullamco tempor ad veniam aliquip commodo",
"receiver": "user_739",
"seen": true
},
{
"_id": "message_134",
"author": "user_244",
"text": "anim laborum ullamco elit aliqua irure laborum elit exercitation non",
"receiver": "user_46",
"seen": false
},
{
"_id": "message_135",
"author": "user_35",
"text": "officia ea proident exercitation reprehenderit fugiat incididunt cillum eiusmod exercitation",
"receiver": "user_402",
"seen": true
},
{
"_id": "message_136",
"author": "user_614",
"text": "consequat et eiusmod officia qui est in aliqua qui culpa",
"receiver": "user_714",
"seen": false
},
{
"_id": "message_137",
"author": "user_328",
"text": "consectetur pariatur officia est id excepteur reprehenderit reprehenderit eiusmod Lorem",
"receiver": "user_720",
"seen": true
},
{
"_id": "message_138",
"author": "user_246",
"text": "et minim est aute dolor Lorem esse incididunt est eu",
"receiver": "user_413",
"seen": true
},
{
"_id": "message_139",
"author": "user_166",
"text": "nostrud culpa ex irure deserunt sunt pariatur do minim nostrud",
"receiver": "user_781",
"seen": true
},
{
"_id": "message_140",
"author": "user_308",
"text": "ullamco officia adipisicing sint aute fugiat excepteur dolor et aliquip",
"receiver": "user_410",
"seen": false
},
{
"_id": "message_141",
"author": "user_940",
"text": "ipsum ea quis voluptate anim velit consequat exercitation veniam magna",
"receiver": "user_82",
"seen": true
},
{
"_id": "message_142",
"author": "user_628",
"text": "nostrud pariatur aute aliquip culpa laborum occaecat quis officia laboris",
"receiver": "user_243",
"seen": false
},
{
"_id": "message_143",
"author": "user_402",
"text": "qui anim culpa ex ut eu eu labore cillum ad",
"receiver": "user_279",
"seen": true
},
{
"_id": "message_144",
"author": "user_808",
"text": "sunt reprehenderit aliquip culpa sunt aute excepteur consectetur dolor velit",
"receiver": "user_306",
"seen": true
},
{
"_id": "message_145",
"author": "user_662",
"text": "sunt duis quis magna consectetur culpa magna et labore officia",
"receiver": "user_593",
"seen": false
},
{
"_id": "message_146",
"author": "user_223",
"text": "laborum sunt nulla qui ullamco veniam laboris aliqua et incididunt",
"receiver": "user_922",
"seen": false
},
{
"_id": "message_147",
"author": "user_492",
"text": "deserunt irure mollit sint velit cupidatat consequat laborum id ex",
"receiver": "user_843",
"seen": true
},
{
"_id": "message_148",
"author": "user_927",
"text": "commodo in irure fugiat tempor adipisicing tempor labore ad mollit",
"receiver": "user_712",
"seen": false
},
{
"_id": "message_149",
"author": "user_366",
"text": "excepteur deserunt ut ullamco ea ullamco do minim eu sint",
"receiver": "user_383",
"seen": true
},
{
"_id": "message_150",
"author": "user_779",
"text": "eiusmod dolore ex commodo nulla et enim laborum mollit aliqua",
"receiver": "user_337",
"seen": true
},
{
"_id": "message_151",
"author": "user_664",
"text": "et reprehenderit cillum commodo minim incididunt proident Lorem occaecat ex",
"receiver": "user_825",
"seen": true
},
{
"_id": "message_152",
"author": "user_356",
"text": "in eiusmod cupidatat excepteur in proident consequat ut cupidatat laborum",
"receiver": "user_307",
"seen": true
},
{
"_id": "message_153",
"author": "user_816",
"text": "cupidatat irure voluptate non anim sunt Lorem elit tempor Lorem",
"receiver": "user_193",
"seen": true
},
{
"_id": "message_154",
"author": "user_196",
"text": "dolor id sunt elit pariatur ad adipisicing et id qui",
"receiver": "user_49",
"seen": false
},
{
"_id": "message_155",
"author": "user_575",
"text": "sint nisi deserunt pariatur laboris ea aliqua qui sit in",
"receiver": "user_491",
"seen": true
},
{
"_id": "message_156",
"author": "user_950",
"text": "est duis sunt excepteur magna occaecat nisi ipsum id dolore",
"receiver": "user_2",
"seen": false
},
{
"_id": "message_157",
"author": "user_903",
"text": "velit do aliqua excepteur tempor consequat ipsum do laborum nisi",
"receiver": "user_590",
"seen": true
},
{
"_id": "message_158",
"author": "user_407",
"text": "et amet esse aliqua deserunt velit velit occaecat sunt quis",
"receiver": "user_11",
"seen": false
},
{
"_id": "message_159",
"author": "user_214",
"text": "deserunt cupidatat occaecat velit eu consequat esse id ad ipsum",
"receiver": "user_893",
"seen": false
},
{
"_id": "message_160",
"author": "user_333",
"text": "cillum minim consectetur fugiat consequat magna deserunt nisi minim dolore",
"receiver": "user_859",
"seen": true
},
{
"_id": "message_161",
"author": "user_696",
"text": "mollit commodo veniam magna fugiat pariatur anim ad ea ut",
"receiver": "user_214",
"seen": false
},
{
"_id": "message_162",
"author": "user_543",
"text": "eiusmod mollit cupidatat et dolor sunt est laborum nulla nulla",
"receiver": "user_518",
"seen": false
},
{
"_id": "message_163",
"author": "user_603",
"text": "dolor elit fugiat dolor labore aute id aliqua excepteur mollit",
"receiver": "user_952",
"seen": false
},
{
"_id": "message_164",
"author": "user_202",
"text": "anim veniam aute anim ipsum duis adipisicing commodo sint amet",
"receiver": "user_239",
"seen": true
},
{
"_id": "message_165",
"author": "user_79",
"text": "nisi quis velit esse adipisicing culpa Lorem id ullamco eu",
"receiver": "user_327",
"seen": true
},
{
"_id": "message_166",
"author": "user_261",
"text": "culpa ullamco mollit aliqua aute qui incididunt cupidatat dolore enim",
"receiver": "user_688",
"seen": false
},
{
"_id": "message_167",
"author": "user_73",
"text": "dolor laboris ea deserunt eu exercitation anim mollit ea incididunt",
"receiver": "user_724",
"seen": true
},
{
"_id": "message_168",
"author": "user_773",
"text": "Lorem laborum minim ad do Lorem sint officia adipisicing Lorem",
"receiver": "user_104",
"seen": false
},
{
"_id": "message_169",
"author": "user_922",
"text": "ea culpa dolor sit minim voluptate officia esse ex ad",
"receiver": "user_636",
"seen": true
},
{
"_id": "message_170",
"author": "user_312",
"text": "sint eiusmod Lorem consectetur officia ullamco tempor elit consequat sunt",
"receiver": "user_246",
"seen": true
},
{
"_id": "message_171",
"author": "user_269",
"text": "minim dolore cupidatat voluptate ullamco qui aute dolor Lorem quis",
"receiver": "user_123",
"seen": false
},
{
"_id": "message_172",
"author": "user_258",
"text": "quis dolore ea incididunt amet sunt pariatur occaecat officia aliqua",
"receiver": "user_791",
"seen": true
},
{
"_id": "message_173",
"author": "user_305",
"text": "in tempor sit elit aliquip dolor magna ea id irure",
"receiver": "user_357",
"seen": true
},
{
"_id": "message_174",
"author": "user_86",
"text": "reprehenderit adipisicing non laboris eu est ut quis pariatur aliqua",
"receiver": "user_508",
"seen": true
},
{
"_id": "message_175",
"author": "user_999",
"text": "excepteur Lorem mollit nisi consectetur anim officia anim cupidatat consectetur",
"receiver": "user_965",
"seen": false
},
{
"_id": "message_176",
"author": "user_420",
"text": "incididunt eiusmod pariatur excepteur esse veniam nostrud aute cillum dolore",
"receiver": "user_554",
"seen": false
},
{
"_id": "message_177",
"author": "user_387",
"text": "pariatur voluptate fugiat ipsum elit in cillum irure ea reprehenderit",
"receiver": "user_276",
"seen": true
},
{
"_id": "message_178",
"author": "user_18",
"text": "id reprehenderit id nulla Lorem qui incididunt dolor laboris aute",
"receiver": "user_46",
"seen": false
},
{
"_id": "message_179",
"author": "user_350",
"text": "Lorem ex aliquip mollit sunt aliqua quis non id ea",
"receiver": "user_731",
"seen": true
},
{
"_id": "message_180",
"author": "user_58",
"text": "nisi non tempor ex ullamco aliquip enim reprehenderit pariatur est",
"receiver": "user_609",
"seen": true
},
{
"_id": "message_181",
"author": "user_396",
"text": "id aliquip excepteur mollit ad elit amet ex nisi tempor",
"receiver": "user_427",
"seen": true
},
{
"_id": "message_182",
"author": "user_223",
"text": "minim do sit eu labore cillum magna amet laboris anim",
"receiver": "user_741",
"seen": false
},
{
"_id": "message_183",
"author": "user_227",
"text": "tempor eu sint cupidatat in enim consequat ea id cupidatat",
"receiver": "user_793",
"seen": false
},
{
"_id": "message_184",
"author": "user_998",
"text": "mollit ullamco veniam excepteur in velit dolor id enim deserunt",
"receiver": "user_858",
"seen": false
},
{
"_id": "message_185",
"author": "user_164",
"text": "irure mollit laboris fugiat sint magna occaecat consectetur qui cupidatat",
"receiver": "user_416",
"seen": true
},
{
"_id": "message_186",
"author": "user_761",
"text": "labore ea et pariatur anim amet magna laboris mollit ut",
"receiver": "user_264",
"seen": false
},
{
"_id": "message_187",
"author": "user_272",
"text": "consectetur voluptate commodo esse aliquip velit Lorem enim esse in",
"receiver": "user_897",
"seen": false
},
{
"_id": "message_188",
"author": "user_625",
"text": "tempor aliqua id eu in eiusmod elit reprehenderit velit veniam",
"receiver": "user_981",
"seen": false
},
{
"_id": "message_189",
"author": "user_438",
"text": "incididunt deserunt incididunt dolor velit tempor irure tempor amet magna",
"receiver": "user_42",
"seen": true
},
{
"_id": "message_190",
"author": "user_174",
"text": "non excepteur sit est esse ea consequat sunt irure id",
"receiver": "user_433",
"seen": false
},
{
"_id": "message_191",
"author": "user_229",
"text": "nostrud fugiat laborum eiusmod eu do nulla nulla non laboris",
"receiver": "user_992",
"seen": false
},
{
"_id": "message_192",
"author": "user_708",
"text": "velit do incididunt officia irure cillum irure mollit proident elit",
"receiver": "user_406",
"seen": true
},
{
"_id": "message_193",
"author": "user_309",
"text": "veniam occaecat aliqua fugiat id id anim fugiat cillum et",
"receiver": "user_659",
"seen": false
},
{
"_id": "message_194",
"author": "user_938",
"text": "aliquip exercitation consectetur excepteur laborum sunt do pariatur fugiat qui",
"receiver": "user_492",
"seen": true
},
{
"_id": "message_195",
"author": "user_89",
"text": "dolor eu sit Lorem eiusmod occaecat velit eiusmod fugiat et",
"receiver": "user_104",
"seen": true
},
{
"_id": "message_196",
"author": "user_813",
"text": "magna Lorem tempor irure ea nulla mollit occaecat excepteur dolor",
"receiver": "user_818",
"seen": false
},
{
"_id": "message_197",
"author": "user_908",
"text": "ex duis est in enim fugiat sunt nisi id ex",
"receiver": "user_419",
"seen": false
},
{
"_id": "message_198",
"author": "user_117",
"text": "mollit non nisi voluptate labore quis do dolor culpa ut",
"receiver": "user_392",
"seen": true
},
{
"_id": "message_199",
"author": "user_676",
"text": "ea in enim dolore culpa culpa ad mollit laborum cupidatat",
"receiver": "user_990",
"seen": false
},
{
"_id": "message_200",
"author": "user_2",
"text": "cupidatat enim aute fugiat veniam ut est laboris ea aliquip",
"receiver": "user_58",
"seen": true
},
{
"_id": "message_201",
"author": "user_935",
"text": "officia est laborum laborum reprehenderit laborum enim incididunt fugiat eu",
"receiver": "user_979",
"seen": true
},
{
"_id": "message_202",
"author": "user_547",
"text": "aliquip fugiat elit laborum reprehenderit exercitation aute velit nostrud veniam",
"receiver": "user_549",
"seen": false
},
{
"_id": "message_203",
"author": "user_488",
"text": "cupidatat elit amet culpa cupidatat qui qui qui eiusmod voluptate",
"receiver": "user_608",
"seen": true
},
{
"_id": "message_204",
"author": "user_915",
"text": "excepteur mollit id qui nulla do ullamco elit sint incididunt",
"receiver": "user_395",
"seen": false
},
{
"_id": "message_205",
"author": "user_845",
"text": "adipisicing mollit et mollit pariatur mollit ea et nostrud consectetur",
"receiver": "user_107",
"seen": true
},
{
"_id": "message_206",
"author": "user_941",
"text": "amet voluptate magna in ut enim labore non laboris exercitation",
"receiver": "user_415",
"seen": true
},
{
"_id": "message_207",
"author": "user_957",
"text": "exercitation non sit ipsum excepteur nisi aliquip excepteur non id",
"receiver": "user_541",
"seen": false
},
{
"_id": "message_208",
"author": "user_521",
"text": "aliquip mollit proident adipisicing proident excepteur dolor ea cillum consequat",
"receiver": "user_329",
"seen": false
},
{
"_id": "message_209",
"author": "user_108",
"text": "aliquip ea qui ullamco laborum aliquip non excepteur quis ad",
"receiver": "user_653",
"seen": true
},
{
"_id": "message_210",
"author": "user_882",
"text": "reprehenderit proident ea quis culpa nulla duis nostrud ex non",
"receiver": "user_93",
"seen": false
},
{
"_id": "message_211",
"author": "user_660",
"text": "non cillum sint anim culpa dolor enim minim sint esse",
"receiver": "user_935",
"seen": true
},
{
"_id": "message_212",
"author": "user_693",
"text": "do nostrud et irure officia qui veniam dolor eiusmod mollit",
"receiver": "user_624",
"seen": true
},
{
"_id": "message_213",
"author": "user_849",
"text": "ex magna enim proident enim culpa proident ad incididunt quis",
"receiver": "user_676",
"seen": true
},
{
"_id": "message_214",
"author": "user_393",
"text": "elit do voluptate sunt id pariatur laborum culpa cillum aute",
"receiver": "user_385",
"seen": false
},
{
"_id": "message_215",
"author": "user_117",
"text": "excepteur ullamco id adipisicing ea nulla ipsum proident magna est",
"receiver": "user_670",
"seen": true
},
{
"_id": "message_216",
"author": "user_509",
"text": "non excepteur aute in labore pariatur magna officia ea sit",
"receiver": "user_334",
"seen": false
},
{
"_id": "message_217",
"author": "user_169",
"text": "labore ullamco magna commodo reprehenderit dolore amet nisi sunt voluptate",
"receiver": "user_850",
"seen": false
},
{
"_id": "message_218",
"author": "user_272",
"text": "dolor Lorem sit anim aliqua pariatur aliquip veniam magna fugiat",
"receiver": "user_444",
"seen": true
},
{
"_id": "message_219",
"author": "user_741",
"text": "nulla do dolore nulla magna irure reprehenderit ea elit officia",
"receiver": "user_553",
"seen": false
},
{
"_id": "message_220",
"author": "user_668",
"text": "ad ut enim sint quis labore laborum velit magna enim",
"receiver": "user_378",
"seen": false
},
{
"_id": "message_221",
"author": "user_491",
"text": "do Lorem officia ipsum cupidatat cillum ex nisi fugiat consectetur",
"receiver": "user_464",
"seen": false
},
{
"_id": "message_222",
"author": "user_676",
"text": "amet magna consequat esse magna commodo consectetur et cupidatat culpa",
"receiver": "user_362",
"seen": true
},
{
"_id": "message_223",
"author": "user_501",
"text": "ad id eiusmod irure ullamco commodo elit irure qui sit",
"receiver": "user_27",
"seen": false
},
{
"_id": "message_224",
"author": "user_896",
"text": "dolore nisi qui cupidatat dolor irure quis est excepteur consectetur",
"receiver": "user_660",
"seen": false
},
{
"_id": "message_225",
"author": "user_830",
"text": "amet elit pariatur fugiat adipisicing officia dolore magna amet et",
"receiver": "user_399",
"seen": true
},
{
"_id": "message_226",
"author": "user_806",
"text": "enim sit pariatur ullamco laborum ex pariatur Lorem consequat dolor",
"receiver": "user_810",
"seen": true
},
{
"_id": "message_227",
"author": "user_570",
"text": "ea esse non culpa proident dolore ut labore occaecat ipsum",
"receiver": "user_81",
"seen": true
},
{
"_id": "message_228",
"author": "user_978",
"text": "in pariatur laborum quis cupidatat fugiat aliqua minim ex laboris",
"receiver": "user_546",
"seen": true
},
{
"_id": "message_229",
"author": "user_582",
"text": "ullamco nulla mollit officia Lorem commodo proident pariatur voluptate voluptate",
"receiver": "user_99",
"seen": false
},
{
"_id": "message_230",
"author": "user_455",
"text": "exercitation eiusmod et sunt minim do incididunt eiusmod occaecat occaecat",
"receiver": "user_214",
"seen": true
},
{
"_id": "message_231",
"author": "user_276",
"text": "est ad velit dolore aliqua eiusmod do adipisicing ad voluptate",
"receiver": "user_600",
"seen": false
},
{
"_id": "message_232",
"author": "user_206",
"text": "eiusmod reprehenderit veniam cillum quis ex in incididunt in mollit",
"receiver": "user_264",
"seen": false
},
{
"_id": "message_233",
"author": "user_125",
"text": "duis sint consectetur et ut id in et et irure",
"receiver": "user_401",
"seen": true
},
{
"_id": "message_234",
"author": "user_108",
"text": "esse elit laboris qui in laboris et mollit velit velit",
"receiver": "user_152",
"seen": true
},
{
"_id": "message_235",
"author": "user_740",
"text": "ullamco nostrud tempor labore Lorem excepteur labore minim sunt non",
"receiver": "user_494",
"seen": true
},
{
"_id": "message_236",
"author": "user_547",
"text": "occaecat aliqua magna in cupidatat irure ut proident incididunt ullamco",
"receiver": "user_735",
"seen": true
},
{
"_id": "message_237",
"author": "user_662",
"text": "irure deserunt ea incididunt dolor deserunt fugiat sit velit aliqua",
"receiver": "user_198",
"seen": true
},
{
"_id": "message_238",
"author": "user_167",
"text": "ut nulla ut cillum nostrud deserunt duis aute incididunt laboris",
"receiver": "user_627",
"seen": true
},
{
"_id": "message_239",
"author": "user_922",
"text": "magna ipsum quis aliqua duis laboris non laborum in enim",
"receiver": "user_919",
"seen": false
},
{
"_id": "message_240",
"author": "user_783",
"text": "proident dolore qui eu labore reprehenderit ut nulla dolore nulla",
"receiver": "user_868",
"seen": true
},
{
"_id": "message_241",
"author": "user_141",
"text": "exercitation nostrud sint dolore aute aliqua sunt et eiusmod enim",
"receiver": "user_424",
"seen": false
},
{
"_id": "message_242",
"author": "user_395",
"text": "aute laborum esse esse consectetur aliqua aute ullamco est cupidatat",
"receiver": "user_595",
"seen": false
},
{
"_id": "message_243",
"author": "user_17",
"text": "sint id nulla veniam in et cillum fugiat velit aliquip",
"receiver": "user_909",
"seen": false
},
{
"_id": "message_244",
"author": "user_716",
"text": "dolor elit ex et ullamco aliquip voluptate minim laboris nisi",
"receiver": "user_715",
"seen": false
},
{
"_id": "message_245",
"author": "user_851",
"text": "esse ut aliqua in ea sit commodo aliqua esse esse",
"receiver": "user_882",
"seen": false
},
{
"_id": "message_246",
"author": "user_608",
"text": "ea ad cupidatat ad qui aliqua est quis incididunt ea",
"receiver": "user_665",
"seen": false
},
{
"_id": "message_247",
"author": "user_118",
"text": "dolor aute sunt pariatur laboris ipsum enim ullamco velit est",
"receiver": "user_732",
"seen": true
},
{
"_id": "message_248",
"author": "user_977",
"text": "ea deserunt proident ut pariatur proident amet fugiat excepteur pariatur",
"receiver": "user_229",
"seen": false
},
{
"_id": "message_249",
"author": "user_73",
"text": "non ullamco consectetur ad eiusmod amet consectetur proident Lorem irure",
"receiver": "user_674",
"seen": true
},
{
"_id": "message_250",
"author": "user_747",
"text": "cupidatat Lorem enim laboris sunt excepteur culpa enim culpa tempor",
"receiver": "user_82",
"seen": false
},
{
"_id": "message_251",
"author": "user_321",
"text": "sit ea elit sunt elit excepteur aliquip anim aute mollit",
"receiver": "user_282",
"seen": false
},
{
"_id": "message_252",
"author": "user_576",
"text": "veniam do minim elit occaecat quis fugiat officia sint dolore",
"receiver": "user_541",
"seen": false
},
{
"_id": "message_253",
"author": "user_466",
"text": "non ea laborum dolor quis in commodo id non incididunt",
"receiver": "user_745",
"seen": false
},
{
"_id": "message_254",
"author": "user_755",
"text": "reprehenderit Lorem id sit ex duis proident Lorem laboris dolore",
"receiver": "user_610",
"seen": false
},
{
"_id": "message_255",
"author": "user_921",
"text": "enim deserunt elit ad adipisicing et nulla pariatur eu consequat",
"receiver": "user_540",
"seen": true
},
{
"_id": "message_256",
"author": "user_774",
"text": "id non in officia laboris aute occaecat velit nostrud pariatur",
"receiver": "user_681",
"seen": true
},
{
"_id": "message_257",
"author": "user_344",
"text": "id ex non nostrud est officia occaecat qui reprehenderit cupidatat",
"receiver": "user_884",
"seen": false
},
{
"_id": "message_258",
"author": "user_811",
"text": "sint adipisicing consectetur non incididunt non ea ipsum adipisicing eu",
"receiver": "user_683",
"seen": true
},
{
"_id": "message_259",
"author": "user_178",
"text": "consectetur reprehenderit ex reprehenderit ea reprehenderit in dolor adipisicing sint",
"receiver": "user_239",
"seen": false
},
{
"_id": "message_260",
"author": "user_246",
"text": "aliquip non quis reprehenderit est sunt voluptate commodo aute officia",
"receiver": "user_331",
"seen": true
},
{
"_id": "message_261",
"author": "user_670",
"text": "esse minim veniam eiusmod est sint id sit laborum officia",
"receiver": "user_911",
"seen": false
},
{
"_id": "message_262",
"author": "user_97",
"text": "ut duis magna excepteur Lorem nostrud cillum irure velit amet",
"receiver": "user_113",
"seen": false
},
{
"_id": "message_263",
"author": "user_723",
"text": "anim aliqua minim sit ullamco dolor nostrud quis do non",
"receiver": "user_67",
"seen": false
},
{
"_id": "message_264",
"author": "user_344",
"text": "nisi excepteur proident voluptate exercitation id non culpa nisi nostrud",
"receiver": "user_768",
"seen": false
},
{
"_id": "message_265",
"author": "user_608",
"text": "sit et mollit minim consectetur quis sint in occaecat amet",
"receiver": "user_593",
"seen": false
},
{
"_id": "message_266",
"author": "user_962",
"text": "quis pariatur culpa occaecat aute excepteur laboris aute qui id",
"receiver": "user_908",
"seen": true
},
{
"_id": "message_267",
"author": "user_766",
"text": "proident ea et do cupidatat eu est mollit duis nulla",
"receiver": "user_258",
"seen": true
},
{
"_id": "message_268",
"author": "user_876",
"text": "elit Lorem sit laboris voluptate sint labore consequat anim ut",
"receiver": "user_312",
"seen": true
},
{
"_id": "message_269",
"author": "user_240",
"text": "adipisicing est do Lorem eu id nisi sit labore mollit",
"receiver": "user_696",
"seen": false
},
{
"_id": "message_270",
"author": "user_942",
"text": "commodo et commodo proident est labore elit cupidatat ad incididunt",
"receiver": "user_349",
"seen": true
},
{
"_id": "message_271",
"author": "user_358",
"text": "culpa ipsum enim aute incididunt cillum mollit proident veniam exercitation",
"receiver": "user_683",
"seen": true
},
{
"_id": "message_272",
"author": "user_400",
"text": "aliquip qui excepteur duis et id ullamco elit nulla cillum",
"receiver": "user_566",
"seen": false
},
{
"_id": "message_273",
"author": "user_169",
"text": "laboris in commodo duis exercitation ad tempor proident tempor consectetur",
"receiver": "user_889",
"seen": false
},
{
"_id": "message_274",
"author": "user_994",
"text": "esse dolore aliqua voluptate adipisicing est ullamco est laborum enim",
"receiver": "user_482",
"seen": false
},
{
"_id": "message_275",
"author": "user_558",
"text": "non excepteur ad ad est labore fugiat nisi exercitation laboris",
"receiver": "user_418",
"seen": true
},
{
"_id": "message_276",
"author": "user_68",
"text": "ullamco adipisicing elit tempor laboris nostrud dolore ullamco cupidatat amet",
"receiver": "user_287",
"seen": true
},
{
"_id": "message_277",
"author": "user_313",
"text": "nulla duis do nulla enim labore consequat elit anim tempor",
"receiver": "user_640",
"seen": false
},
{
"_id": "message_278",
"author": "user_976",
"text": "sit in excepteur dolore ad irure sint ad laborum non",
"receiver": "user_473",
"seen": false
},
{
"_id": "message_279",
"author": "user_294",
"text": "ex mollit esse elit ad adipisicing mollit ullamco sunt fugiat",
"receiver": "user_412",
"seen": true
},
{
"_id": "message_280",
"author": "user_737",
"text": "aliqua voluptate ad veniam aute commodo nostrud dolore velit dolore",
"receiver": "user_744",
"seen": true
},
{
"_id": "message_281",
"author": "user_367",
"text": "labore veniam est sunt mollit ex esse velit labore adipisicing",
"receiver": "user_726",
"seen": false
},
{
"_id": "message_282",
"author": "user_969",
"text": "ut excepteur cillum proident velit id sit velit fugiat eiusmod",
"receiver": "user_441",
"seen": false
},
{
"_id": "message_283",
"author": "user_93",
"text": "culpa proident fugiat aute incididunt voluptate magna consectetur veniam fugiat",
"receiver": "user_197",
"seen": true
},
{
"_id": "message_284",
"author": "user_50",
"text": "velit eiusmod ipsum pariatur eu pariatur excepteur anim ea cupidatat",
"receiver": "user_435",
"seen": false
},
{
"_id": "message_285",
"author": "user_962",
"text": "ipsum anim proident enim adipisicing labore deserunt minim aute eiusmod",
"receiver": "user_893",
"seen": true
},
{
"_id": "message_286",
"author": "user_16",
"text": "non fugiat minim eiusmod dolore laboris do proident do et",
"receiver": "user_855",
"seen": true
},
{
"_id": "message_287",
"author": "user_320",
"text": "anim officia laborum enim quis esse cillum incididunt magna enim",
"receiver": "user_166",
"seen": false
},
{
"_id": "message_288",
"author": "user_395",
"text": "ut anim aute anim velit mollit laborum aliqua pariatur aute",
"receiver": "user_556",
"seen": true
},
{
"_id": "message_289",
"author": "user_265",
"text": "minim enim deserunt adipisicing proident mollit nisi aliquip fugiat est",
"receiver": "user_554",
"seen": false
},
{
"_id": "message_290",
"author": "user_892",
"text": "magna et voluptate qui occaecat tempor laborum consectetur consequat commodo",
"receiver": "user_450",
"seen": false
},
{
"_id": "message_291",
"author": "user_119",
"text": "non do dolore ex culpa tempor velit elit ipsum culpa",
"receiver": "user_127",
"seen": false
},
{
"_id": "message_292",
"author": "user_591",
"text": "laboris non veniam veniam do minim ad Lorem commodo consectetur",
"receiver": "user_984",
"seen": false
},
{
"_id": "message_293",
"author": "user_743",
"text": "aute laboris ad minim consectetur cupidatat mollit labore ut eiusmod",
"receiver": "user_69",
"seen": false
},
{
"_id": "message_294",
"author": "user_659",
"text": "mollit adipisicing culpa anim nisi quis voluptate duis consequat fugiat",
"receiver": "user_463",
"seen": false
},
{
"_id": "message_295",
"author": "user_938",
"text": "aliqua excepteur aliquip eiusmod elit exercitation in sit non incididunt",
"receiver": "user_68",
"seen": true
},
{
"_id": "message_296",
"author": "user_362",
"text": "sint aute exercitation irure mollit proident culpa cupidatat enim excepteur",
"receiver": "user_722",
"seen": false
},
{
"_id": "message_297",
"author": "user_26",
"text": "in aliqua proident dolore eiusmod amet ut quis sunt ullamco",
"receiver": "user_525",
"seen": true
},
{
"_id": "message_298",
"author": "user_854",
"text": "in aliqua eu reprehenderit consequat aute eu amet ea et",
"receiver": "user_629",
"seen": false
},
{
"_id": "message_299",
"author": "user_153",
"text": "deserunt esse tempor deserunt Lorem labore labore irure ipsum nostrud",
"receiver": "user_658",
"seen": true
},
{
"_id": "message_300",
"author": "user_794",
"text": "nisi adipisicing duis sit consequat adipisicing id enim ex sit",
"receiver": "user_308",
"seen": true
},
{
"_id": "message_301",
"author": "user_240",
"text": "proident irure consequat quis cillum pariatur cupidatat adipisicing ipsum sunt",
"receiver": "user_731",
"seen": true
},
{
"_id": "message_302",
"author": "user_248",
"text": "amet dolore ullamco aliquip aute consectetur sit veniam ipsum fugiat",
"receiver": "user_978",
"seen": false
},
{
"_id": "message_303",
"author": "user_903",
"text": "quis ad ea labore aute magna consequat aute elit ea",
"receiver": "user_275",
"seen": false
},
{
"_id": "message_304",
"author": "user_982",
"text": "fugiat veniam elit irure dolor dolore ad nisi amet anim",
"receiver": "user_90",
"seen": false
},
{
"_id": "message_305",
"author": "user_181",
"text": "fugiat mollit laboris mollit labore veniam sit sunt sit veniam",
"receiver": "user_187",
"seen": true
},
{
"_id": "message_306",
"author": "user_693",
"text": "veniam non ex consequat proident aliqua aliquip incididunt adipisicing eu",
"receiver": "user_52",
"seen": true
},
{
"_id": "message_307",
"author": "user_814",
"text": "dolore consequat eiusmod nisi duis pariatur sunt qui culpa mollit",
"receiver": "user_466",
"seen": false
},
{
"_id": "message_308",
"author": "user_590",
"text": "cillum voluptate ullamco ex ullamco sunt ipsum eiusmod amet Lorem",
"receiver": "user_736",
"seen": false
},
{
"_id": "message_309",
"author": "user_177",
"text": "eu sint est ipsum dolor anim cupidatat ex id officia",
"receiver": "user_371",
"seen": false
},
{
"_id": "message_310",
"author": "user_970",
"text": "exercitation est anim minim officia irure nostrud magna ea labore",
"receiver": "user_780",
"seen": false
},
{
"_id": "message_311",
"author": "user_650",
"text": "duis duis do mollit reprehenderit ea ipsum veniam laboris sunt",
"receiver": "user_417",
"seen": false
},
{
"_id": "message_312",
"author": "user_789",
"text": "est mollit minim cillum sit irure anim dolore eiusmod mollit",
"receiver": "user_659",
"seen": true
},
{
"_id": "message_313",
"author": "user_392",
"text": "nulla do do nostrud non aute culpa est et aliqua",
"receiver": "user_854",
"seen": true
},
{
"_id": "message_314",
"author": "user_163",
"text": "ea consequat adipisicing irure non dolor culpa enim sit dolore",
"receiver": "user_476",
"seen": false
},
{
"_id": "message_315",
"author": "user_432",
"text": "non cupidatat veniam reprehenderit non ex voluptate amet veniam eiusmod",
"receiver": "user_932",
"seen": false
},
{
"_id": "message_316",
"author": "user_878",
"text": "ad aliqua eiusmod labore sint Lorem labore dolor tempor cupidatat",
"receiver": "user_419",
"seen": false
},
{
"_id": "message_317",
"author": "user_146",
"text": "dolor adipisicing elit exercitation amet labore labore cupidatat velit qui",
"receiver": "user_886",
"seen": false
},
{
"_id": "message_318",
"author": "user_434",
"text": "aliqua officia veniam nulla incididunt in magna reprehenderit non enim",
"receiver": "user_393",
"seen": true
},
{
"_id": "message_319",
"author": "user_999",
"text": "magna sit eu ea ut qui consequat laborum sit adipisicing",
"receiver": "user_105",
"seen": true
},
{
"_id": "message_320",
"author": "user_392",
"text": "amet ad proident sunt anim commodo est tempor eiusmod cupidatat",
"receiver": "user_577",
"seen": true
},
{
"_id": "message_321",
"author": "user_275",
"text": "laborum eu nostrud nulla irure sit est occaecat ut nostrud",
"receiver": "user_809",
"seen": false
},
{
"_id": "message_322",
"author": "user_394",
"text": "quis labore mollit ullamco ullamco ullamco nisi ex amet exercitation",
"receiver": "user_200",
"seen": true
},
{
"_id": "message_323",
"author": "user_850",
"text": "velit irure proident ullamco consequat ex excepteur elit dolor non",
"receiver": "user_151",
"seen": true
},
{
"_id": "message_324",
"author": "user_162",
"text": "do nostrud aliqua tempor pariatur dolor voluptate laborum veniam non",
"receiver": "user_587",
"seen": false
},
{
"_id": "message_325",
"author": "user_722",
"text": "officia aliquip fugiat enim culpa sit id ad Lorem in",
"receiver": "user_912",
"seen": false
},
{
"_id": "message_326",
"author": "user_907",
"text": "est occaecat sint duis mollit minim consequat dolor quis aliquip",
"receiver": "user_950",
"seen": true
},
{
"_id": "message_327",
"author": "user_199",
"text": "Lorem exercitation qui commodo do ut commodo excepteur ea ad",
"receiver": "user_262",
"seen": false
},
{
"_id": "message_328",
"author": "user_33",
"text": "eiusmod qui aute ex sint deserunt nisi labore culpa voluptate",
"receiver": "user_829",
"seen": false
},
{
"_id": "message_329",
"author": "user_301",
"text": "duis reprehenderit id pariatur adipisicing sint tempor amet excepteur proident",
"receiver": "user_40",
"seen": true
},
{
"_id": "message_330",
"author": "user_415",
"text": "laborum in esse et enim ut excepteur veniam reprehenderit ea",
"receiver": "user_970",
"seen": true
},
{
"_id": "message_331",
"author": "user_366",
"text": "ullamco esse minim sit reprehenderit et tempor labore ex sit",
"receiver": "user_648",
"seen": false
},
{
"_id": "message_332",
"author": "user_435",
"text": "deserunt ea reprehenderit est laborum Lorem et velit fugiat ullamco",
"receiver": "user_68",
"seen": true
},
{
"_id": "message_333",
"author": "user_594",
"text": "proident amet voluptate incididunt veniam officia qui ad culpa consectetur",
"receiver": "user_716",
"seen": true
},
{
"_id": "message_334",
"author": "user_195",
"text": "anim anim voluptate anim laboris in labore ea sunt est",
"receiver": "user_94",
"seen": true
},
{
"_id": "message_335",
"author": "user_163",
"text": "irure qui eu duis laborum adipisicing elit voluptate reprehenderit sint",
"receiver": "user_992",
"seen": true
},
{
"_id": "message_336",
"author": "user_659",
"text": "irure laborum sint incididunt esse dolor in et cupidatat nisi",
"receiver": "user_832",
"seen": true
},
{
"_id": "message_337",
"author": "user_517",
"text": "et incididunt labore veniam adipisicing esse et nisi duis id",
"receiver": "user_23",
"seen": true
}]