{"options":{"validator":{"$jsonSchema":{"bsonType":"object","title":"Comments validator","required":["text","author"],"properties":{"post":{"bsonType":"string","description":"Post must be objectId"},"flaggedAsSpam":{"bsonType":"bool","description":"FlaggedAsSpam must be boolean"},"replies":{"bsonType":["array"],"items":{"properties":{"id":{"description":"'id' is required","bsonType":"string"}},"bsonType":["object"],"required":["id"],"additionalProperties":false,"description":"'items' must contain the stated fields."},"description":"Replies must be an array of Comment"},"text":{"bsonType":"string","maxLength":{"$numberInt":"1500"},"minLength":{"$numberInt":"1"},"description":"Text must be string and is required"},"author":{"bsonType":"string","description":"Author must be objectId and is required"}}}}},"indexes":[{"v":{"$numberInt":"2"},"key":{"_id":{"$numberInt":"1"}},"name":"_id_"}],"uuid":"9b04d58bbea44705a6add68d1fe2cdec","collectionName":"comments","type":"collection"}