{"options":{"validator":{"$jsonSchema":{"title":"Message validator","required":["text","author","receiver"],"properties":{"receiver":{"bsonType":"string","description":"Author must be objectId and is required"},"seen":{"bsonType":"bool","description":"Seen must be boolean"},"text":{"bsonType":"string","maxLength":{"$numberInt":"1500"},"minLength":{"$numberInt":"1"},"description":"Text must be string and is required"},"author":{"bsonType":"string","description":"Author must be objectId and is required"}},"bsonType":"object"}}},"indexes":[{"v":{"$numberInt":"2"},"key":{"_id":{"$numberInt":"1"}},"name":"_id_"}],"uuid":"228d5fa3e48b4768a212c67047cc9ae3","collectionName":"messages","type":"collection"}