{"options":{"validator":{"$jsonSchema":{"bsonType":"object","title":"Post validator","required":["text","author"],"properties":{"text":{"maxLength":{"$numberInt":"1500"},"minLength":{"$numberInt":"1"},"description":"Text must be string and is required","bsonType":"string"},"attachmentPath":{"bsonType":"string","minLength":{"$numberInt":"1"},"description":"AttachmentPath must be string and is required"},"author":{"bsonType":"string","description":"Author must be objectId and is required"},"comments":{"description":"Comments must be an array of Comment","bsonType":["array"],"items":{"bsonType":["object"],"required":["id"],"additionalProperties":false,"description":"'items' must contain the stated fields.","properties":{"id":{"bsonType":"string","description":"'id' is required"}}}},"likes":{"bsonType":["array"],"items":{"properties":{"id":{"description":"'id' is required","bsonType":"string"}},"bsonType":["object"],"required":["id"],"additionalProperties":false,"description":"'items' must contain the stated fields."},"description":"Likes must be an array of Like"}}}}},"indexes":[{"v":{"$numberInt":"2"},"key":{"_id":{"$numberInt":"1"}},"name":"_id_"}],"uuid":"7dfd47532ab94c2bb8d4ee7e0624f21c","collectionName":"posts","type":"collection"}