{"options":{"validator":{"$jsonSchema":{"bsonType":"object","title":"User validator","required":["firstName","lastName","email","password","address","dateOfBirth"],"properties":{"address":{"title":"Address validation","required":["street","city","postal","country"],"properties":{"street":{"bsonType":"string","maxLength":{"$numberInt":"50"},"minLength":{"$numberInt":"3"},"description":"Street is required string (max 30,min 3 chars)"},"city":{"bsonType":"string","maxLength":{"$numberInt":"40"},"minLength":{"$numberInt":"2"},"description":"City is required string (max 30 chars,min 2)"},"country":{"description":"Country is required string (max 30 chars,min 3)","bsonType":"string","maxLength":{"$numberInt":"40"},"minLength":{"$numberInt":"3"}},"postal":{"bsonType":"string","minLength":{"$numberInt":"3"},"maxLength":{"$numberInt":"8"},"description":"Postal is required string (max 8 chars,min 3)"}},"bsonType":"object"},"lastName":{"bsonType":"string","maxLength":{"$numberInt":"45"},"minLength":{"$numberInt":"2"},"pattern":"^[A-Z][a-zA-Z' ]*$","description":"Lastname must be string and is required"},"password":{"bsonType":"string","pattern":"^(?=.*\\d)(?=.*[A-Z])(?=.*[a-z])(?=.*[^\\w\\d\\s:])([^\\s]){8,16}$"},"dateOfBirth":{"bsonType":"date","description":"Date of birth is required date"},"friends":{"items":{"required":["id"],"additionalProperties":false,"description":"'items' must contain the stated fields.","properties":{"id":{"bsonType":"string","description":"'id' is required"}},"bsonType":["object"]},"description":"Friends must be an array of Users","bsonType":["array"]},"comments":{"bsonType":["array"],"items":{"properties":{"id":{"bsonType":"string","description":"'id' is required"}},"bsonType":["object"],"required":["id"],"additionalProperties":false,"description":"'items' must contain the stated fields."},"description":"Comments must be an array of Comment"},"likes":{"bsonType":["array"],"items":{"required":["id"],"additionalProperties":false,"description":"'items' must contain the stated fields.","properties":{"id":{"bsonType":"string","description":"'id' is required"}},"bsonType":["object"]},"description":"Likes must be an array of Like"},"firstName":{"pattern":"^[A-Z][a-zA-Z ]*$","description":"FirstName must be string and is required","bsonType":"string","maxLength":{"$numberInt":"45"},"minLength":{"$numberInt":"2"}},"email":{"bsonType":"string","pattern":"^((?!\\.)[\\w_.]*[^.])(@\\w+)(\\.\\w+(\\.\\w+)?[^.\\W])$","description":"Email must be string and is required"}}}}},"indexes":[{"v":{"$numberInt":"2"},"key":{"_id":{"$numberInt":"1"}},"name":"_id_"}],"uuid":"9ab7e85fd10f43329a67213533ebab0d","collectionName":"users","type":"collection"}